Name;TP;TN;FP;FN;TPR;FPR;Precision;Recall;F1;EvaluationTimePerWindowMS;ValueShift;
Name;TP;TN;FP;FN;TPR;FPR;Precision;Recall;F1;EvaluationTimePerWindowMS;ValueShift;
Corner(Depth);0;14960;0;4408;0.000000;0.000000;-nan(ind);0.000000;-nan(ind);1.290789;-10.000000;
Corner(Depth);0;14960;0;4408;0.000000;0.000000;-nan(ind);0.000000;-nan(ind);1.285471;-9.800000;
Corner(Depth);0;14960;0;4408;0.000000;0.000000;-nan(ind);0.000000;-nan(ind);1.283974;-9.600000;
Corner(Depth);0;14960;0;4408;0.000000;0.000000;-nan(ind);0.000000;-nan(ind);1.283767;-9.400000;
Corner(Depth);0;14960;0;4408;0.000000;0.000000;-nan(ind);0.000000;-nan(ind);1.284128;-9.200000;
Corner(Depth);0;14960;0;4408;0.000000;0.000000;-nan(ind);0.000000;-nan(ind);1.284387;-9.000000;
Corner(Depth);0;14960;0;4408;0.000000;0.000000;-nan(ind);0.000000;-nan(ind);1.284025;-8.800000;
Corner(Depth);0;14960;0;4408;0.000000;0.000000;-nan(ind);0.000000;-nan(ind);1.284696;-8.600000;
Corner(Depth);0;14960;0;4408;0.000000;0.000000;-nan(ind);0.000000;-nan(ind);1.283922;-8.400000;
Corner(Depth);0;14960;0;4408;0.000000;0.000000;-nan(ind);0.000000;-nan(ind);1.284593;-8.200000;
Corner(Depth);0;14960;0;4408;0.000000;0.000000;-nan(ind);0.000000;-nan(ind);1.285161;-8.000000;
Corner(Depth);0;14960;0;4408;0.000000;0.000000;-nan(ind);0.000000;-nan(ind);1.283457;-7.800000;
Corner(Depth);0;14960;0;4408;0.000000;0.000000;-nan(ind);0.000000;-nan(ind);1.284542;-7.600000;
Corner(Depth);0;14960;0;4408;0.000000;0.000000;-nan(ind);0.000000;-nan(ind);1.284955;-7.400000;
Corner(Depth);0;14960;0;4408;0.000000;0.000000;-nan(ind);0.000000;-nan(ind);1.285264;-7.200000;
Corner(Depth);0;14960;0;4408;0.000000;0.000000;-nan(ind);0.000000;-nan(ind);1.283406;-7.000000;
Corner(Depth);0;14960;0;4408;0.000000;0.000000;-nan(ind);0.000000;-nan(ind);1.284387;-6.800000;
Corner(Depth);0;14960;0;4408;0.000000;0.000000;-nan(ind);0.000000;-nan(ind);1.283406;-6.600000;
Corner(Depth);0;14960;0;4408;0.000000;0.000000;-nan(ind);0.000000;-nan(ind);1.284283;-6.400000;
Corner(Depth);0;14960;0;4408;0.000000;0.000000;-nan(ind);0.000000;-nan(ind);1.284232;-6.200000;
Corner(Depth);0;14960;0;4408;0.000000;0.000000;-nan(ind);0.000000;-nan(ind);1.284232;-6.000000;
Corner(Depth);0;14960;0;4408;0.000000;0.000000;-nan(ind);0.000000;-nan(ind);1.283922;-5.800000;
Corner(Depth);0;14960;0;4408;0.000000;0.000000;-nan(ind);0.000000;-nan(ind);1.284438;-5.600000;
Corner(Depth);0;14960;0;4408;0.000000;0.000000;-nan(ind);0.000000;-nan(ind);1.284180;-5.400000;
Corner(Depth);0;14960;0;4408;0.000000;0.000000;-nan(ind);0.000000;-nan(ind);1.284955;-5.200000;
Corner(Depth);0;14960;0;4408;0.000000;0.000000;-nan(ind);0.000000;-nan(ind);1.284387;-5.000000;
Corner(Depth);0;14960;0;4408;0.000000;0.000000;-nan(ind);0.000000;-nan(ind);1.283096;-4.800000;
Corner(Depth);0;14960;0;4408;0.000000;0.000000;-nan(ind);0.000000;-nan(ind);1.283974;-4.600000;
Corner(Depth);0;14960;0;4408;0.000000;0.000000;-nan(ind);0.000000;-nan(ind);1.284077;-4.400000;
Corner(Depth);0;14960;0;4408;0.000000;0.000000;-nan(ind);0.000000;-nan(ind);1.285213;-4.200000;
Corner(Depth);0;14960;0;4408;0.000000;0.000000;-nan(ind);0.000000;-nan(ind);1.284696;-4.000000;
Corner(Depth);0;14960;0;4408;0.000000;0.000000;-nan(ind);0.000000;-nan(ind);1.283406;-3.800000;
Corner(Depth);0;14960;0;4408;0.000000;0.000000;-nan(ind);0.000000;-nan(ind);1.284696;-3.600000;
Corner(Depth);0;14960;0;4408;0.000000;0.000000;-nan(ind);0.000000;-nan(ind);1.283612;-3.400000;
Corner(Depth);0;14960;0;4408;0.000000;0.000000;-nan(ind);0.000000;-nan(ind);1.283457;-3.200000;
Corner(Depth);0;14960;0;4408;0.000000;0.000000;-nan(ind);0.000000;-nan(ind);1.284438;-3.000000;
Corner(Depth);0;14960;0;4408;0.000000;0.000000;-nan(ind);0.000000;-nan(ind);1.284232;-2.800000;
Corner(Depth);0;14960;0;4408;0.000000;0.000000;-nan(ind);0.000000;-nan(ind);1.283922;-2.600000;
Corner(Depth);0;14960;0;4408;0.000000;0.000000;-nan(ind);0.000000;-nan(ind);1.284283;-2.400000;
Corner(Depth);0;14960;0;4408;0.000000;0.000000;-nan(ind);0.000000;-nan(ind);1.283974;-2.200000;
Corner(Depth);0;14960;0;4408;0.000000;0.000000;-nan(ind);0.000000;-nan(ind);1.284283;-2.000000;
Corner(Depth);0;14960;0;4408;0.000000;0.000000;-nan(ind);0.000000;-nan(ind);1.285368;-1.800000;
Corner(Depth);0;14960;0;4408;0.000000;0.000000;-nan(ind);0.000000;-nan(ind);1.284180;-1.600000;
Corner(Depth);0;14960;0;4408;0.000000;0.000000;-nan(ind);0.000000;-nan(ind);1.284696;-1.400000;
Corner(Depth);0;14960;0;4408;0.000000;0.000000;-nan(ind);0.000000;-nan(ind);1.283974;-1.200000;
Corner(Depth);0;14960;0;4408;0.000000;0.000000;-nan(ind);0.000000;-nan(ind);1.285264;-1.000000;
Corner(Depth);0;14960;0;4408;0.000000;0.000000;-nan(ind);0.000000;-nan(ind);1.283664;-0.800000;
Corner(Depth);0;14960;0;4408;0.000000;0.000000;-nan(ind);0.000000;-nan(ind);1.284232;-0.600000;
Corner(Depth);11;14941;19;4397;0.002495;0.001270;0.366667;0.002495;0.004957;1.284490;-0.400000;
Corner(Depth);201;14768;192;4207;0.045599;0.012834;0.511450;0.045599;0.083733;1.284593;-0.200000;
Corner(Depth);422;14664;296;3986;0.095735;0.019786;0.587744;0.095735;0.164651;1.284696;0.000000;
Corner(Depth);766;14564;396;3642;0.173775;0.026471;0.659208;0.173775;0.275045;1.284283;0.200000;
Corner(Depth);1439;14083;877;2969;0.326452;0.058623;0.621330;0.326452;0.428019;1.284490;0.400000;
Corner(Depth);1698;13962;998;2710;0.385209;0.066711;0.629822;0.385209;0.478041;1.284438;0.600000;
Corner(Depth);2281;13722;1238;2127;0.517468;0.082754;0.648196;0.517468;0.575501;1.283819;0.800000;
Corner(Depth);2541;13208;1752;1867;0.576452;0.117112;0.591894;0.576452;0.584071;1.283767;1.000000;
Corner(Depth);3020;12828;2132;1388;0.685118;0.142513;0.586180;0.685118;0.631799;1.284851;1.200000;
Corner(Depth);3420;12296;2664;988;0.775862;0.178075;0.562130;0.775862;0.651925;1.284851;1.400000;
Corner(Depth);3497;12220;2740;911;0.793330;0.183155;0.560686;0.793330;0.657022;1.285006;1.600000;
Corner(Depth);4276;3923;11037;132;0.970054;0.737767;0.279240;0.970054;0.433649;1.283922;1.800000;
Corner(Depth);4326;3849;11111;82;0.981397;0.742714;0.280236;0.981397;0.435979;1.285109;2.000000;
Corner(Depth);4346;2589;12371;62;0.985935;0.826939;0.259975;0.985935;0.411456;1.282993;2.200000;
Corner(Depth);4408;53;14907;0;1.000000;0.996457;0.228216;1.000000;0.371622;1.284180;2.400000;
Corner(Depth);4408;50;14910;0;1.000000;0.996658;0.228181;1.000000;0.371575;1.283354;2.600000;
Corner(Depth);4408;50;14910;0;1.000000;0.996658;0.228181;1.000000;0.371575;1.283715;2.800000;
Corner(Depth);4408;0;14960;0;1.000000;1.000000;0.227592;1.000000;0.370794;1.284748;3.000000;
Corner(Depth);4408;0;14960;0;1.000000;1.000000;0.227592;1.000000;0.370794;1.285058;3.200000;
Corner(Depth);4408;0;14960;0;1.000000;1.000000;0.227592;1.000000;0.370794;1.284387;3.400000;
Corner(Depth);4408;0;14960;0;1.000000;1.000000;0.227592;1.000000;0.370794;1.284232;3.600000;
Corner(Depth);4408;0;14960;0;1.000000;1.000000;0.227592;1.000000;0.370794;1.284180;3.800000;
Corner(Depth);4408;0;14960;0;1.000000;1.000000;0.227592;1.000000;0.370794;1.284283;4.000000;
Corner(Depth);4408;0;14960;0;1.000000;1.000000;0.227592;1.000000;0.370794;1.283147;4.200000;
Corner(Depth);4408;0;14960;0;1.000000;1.000000;0.227592;1.000000;0.370794;1.285006;4.400000;
Corner(Depth);4408;0;14960;0;1.000000;1.000000;0.227592;1.000000;0.370794;1.283406;4.600000;
Corner(Depth);4408;0;14960;0;1.000000;1.000000;0.227592;1.000000;0.370794;1.283922;4.800000;
Corner(Depth);4408;0;14960;0;1.000000;1.000000;0.227592;1.000000;0.370794;1.284490;5.000000;
Corner(Depth);4408;0;14960;0;1.000000;1.000000;0.227592;1.000000;0.370794;1.285058;5.200000;
Corner(Depth);4408;0;14960;0;1.000000;1.000000;0.227592;1.000000;0.370794;1.284283;5.400000;
Corner(Depth);4408;0;14960;0;1.000000;1.000000;0.227592;1.000000;0.370794;1.284232;5.600000;
Corner(Depth);4408;0;14960;0;1.000000;1.000000;0.227592;1.000000;0.370794;1.283612;5.800000;
Corner(Depth);4408;0;14960;0;1.000000;1.000000;0.227592;1.000000;0.370794;1.285523;6.000000;
Corner(Depth);4408;0;14960;0;1.000000;1.000000;0.227592;1.000000;0.370794;1.283664;6.200000;
Corner(Depth);4408;0;14960;0;1.000000;1.000000;0.227592;1.000000;0.370794;1.284438;6.400000;
Corner(Depth);4408;0;14960;0;1.000000;1.000000;0.227592;1.000000;0.370794;1.284335;6.600000;
Corner(Depth);4408;0;14960;0;1.000000;1.000000;0.227592;1.000000;0.370794;1.283974;6.800000;
Corner(Depth);4408;0;14960;0;1.000000;1.000000;0.227592;1.000000;0.370794;1.283870;7.000000;
Corner(Depth);4408;0;14960;0;1.000000;1.000000;0.227592;1.000000;0.370794;1.284542;7.200000;
Corner(Depth);4408;0;14960;0;1.000000;1.000000;0.227592;1.000000;0.370794;1.283612;7.400000;
Corner(Depth);4408;0;14960;0;1.000000;1.000000;0.227592;1.000000;0.370794;1.284387;7.600000;
Corner(Depth);4408;0;14960;0;1.000000;1.000000;0.227592;1.000000;0.370794;1.284438;7.800000;
Corner(Depth);4408;0;14960;0;1.000000;1.000000;0.227592;1.000000;0.370794;1.284335;8.000000;
Corner(Depth);4408;0;14960;0;1.000000;1.000000;0.227592;1.000000;0.370794;1.284180;8.200000;
Corner(Depth);4408;0;14960;0;1.000000;1.000000;0.227592;1.000000;0.370794;1.284748;8.400000;
Corner(Depth);4408;0;14960;0;1.000000;1.000000;0.227592;1.000000;0.370794;1.284335;8.600000;
Corner(Depth);4408;0;14960;0;1.000000;1.000000;0.227592;1.000000;0.370794;1.284335;8.800000;
Corner(Depth);4408;0;14960;0;1.000000;1.000000;0.227592;1.000000;0.370794;1.284128;9.000000;
Corner(Depth);4408;0;14960;0;1.000000;1.000000;0.227592;1.000000;0.370794;1.284903;9.200000;
Corner(Depth);4408;0;14960;0;1.000000;1.000000;0.227592;1.000000;0.370794;1.284387;9.400000;
Corner(Depth);4408;0;14960;0;1.000000;1.000000;0.227592;1.000000;0.370794;1.285109;9.600000;
Corner(Depth);4408;0;14960;0;1.000000;1.000000;0.227592;1.000000;0.370794;1.284438;9.800000;
S2HoG(RGB);0;14960;0;4408;0.000000;0.000000;-nan(ind);0.000000;-nan(ind);1.803645;-10.000000;
S2HoG(RGB);0;14960;0;4408;0.000000;0.000000;-nan(ind);0.000000;-nan(ind);1.796572;-9.800000;
S2HoG(RGB);0;14960;0;4408;0.000000;0.000000;-nan(ind);0.000000;-nan(ind);1.793835;-9.600000;
S2HoG(RGB);0;14960;0;4408;0.000000;0.000000;-nan(ind);0.000000;-nan(ind);1.796727;-9.400000;
S2HoG(RGB);0;14960;0;4408;0.000000;0.000000;-nan(ind);0.000000;-nan(ind);1.794197;-9.200000;
S2HoG(RGB);0;14960;0;4408;0.000000;0.000000;-nan(ind);0.000000;-nan(ind);1.794300;-9.000000;
S2HoG(RGB);0;14960;0;4408;0.000000;0.000000;-nan(ind);0.000000;-nan(ind);1.794352;-8.800000;
S2HoG(RGB);0;14960;0;4408;0.000000;0.000000;-nan(ind);0.000000;-nan(ind);1.794868;-8.600000;
S2HoG(RGB);0;14960;0;4408;0.000000;0.000000;-nan(ind);0.000000;-nan(ind);1.794403;-8.400000;
S2HoG(RGB);0;14960;0;4408;0.000000;0.000000;-nan(ind);0.000000;-nan(ind);1.793835;-8.200000;
S2HoG(RGB);0;14960;0;4408;0.000000;0.000000;-nan(ind);0.000000;-nan(ind);1.793784;-8.000000;
S2HoG(RGB);0;14960;0;4408;0.000000;0.000000;-nan(ind);0.000000;-nan(ind);1.795281;-7.800000;
S2HoG(RGB);0;14960;0;4408;0.000000;0.000000;-nan(ind);0.000000;-nan(ind);1.794197;-7.600000;
S2HoG(RGB);0;14960;0;4408;0.000000;0.000000;-nan(ind);0.000000;-nan(ind);1.795126;-7.400000;
S2HoG(RGB);0;14960;0;4408;0.000000;0.000000;-nan(ind);0.000000;-nan(ind);1.794197;-7.200000;
S2HoG(RGB);0;14960;0;4408;0.000000;0.000000;-nan(ind);0.000000;-nan(ind);1.794042;-7.000000;
S2HoG(RGB);0;14960;0;4408;0.000000;0.000000;-nan(ind);0.000000;-nan(ind);1.794197;-6.800000;
S2HoG(RGB);0;14960;0;4408;0.000000;0.000000;-nan(ind);0.000000;-nan(ind);1.794197;-6.600000;
S2HoG(RGB);0;14960;0;4408;0.000000;0.000000;-nan(ind);0.000000;-nan(ind);1.792854;-6.400000;
S2HoG(RGB);0;14960;0;4408;0.000000;0.000000;-nan(ind);0.000000;-nan(ind);1.794248;-6.200000;
S2HoG(RGB);0;14960;0;4408;0.000000;0.000000;-nan(ind);0.000000;-nan(ind);1.795539;-6.000000;
S2HoG(RGB);0;14960;0;4408;0.000000;0.000000;-nan(ind);0.000000;-nan(ind);1.794145;-5.800000;
S2HoG(RGB);0;14960;0;4408;0.000000;0.000000;-nan(ind);0.000000;-nan(ind);1.794506;-5.600000;
S2HoG(RGB);0;14960;0;4408;0.000000;0.000000;-nan(ind);0.000000;-nan(ind);1.793784;-5.400000;
S2HoG(RGB);0;14960;0;4408;0.000000;0.000000;-nan(ind);0.000000;-nan(ind);1.794093;-5.200000;
S2HoG(RGB);0;14960;0;4408;0.000000;0.000000;-nan(ind);0.000000;-nan(ind);1.794713;-5.000000;
S2HoG(RGB);0;14960;0;4408;0.000000;0.000000;-nan(ind);0.000000;-nan(ind);1.794300;-4.800000;
S2HoG(RGB);0;14960;0;4408;0.000000;0.000000;-nan(ind);0.000000;-nan(ind);1.793680;-4.600000;
S2HoG(RGB);0;14960;0;4408;0.000000;0.000000;-nan(ind);0.000000;-nan(ind);1.793990;-4.400000;
S2HoG(RGB);0;14960;0;4408;0.000000;0.000000;-nan(ind);0.000000;-nan(ind);1.794610;-4.200000;
S2HoG(RGB);0;14960;0;4408;0.000000;0.000000;-nan(ind);0.000000;-nan(ind);1.793680;-4.000000;
S2HoG(RGB);0;14960;0;4408;0.000000;0.000000;-nan(ind);0.000000;-nan(ind);1.794506;-3.800000;
S2HoG(RGB);0;14960;0;4408;0.000000;0.000000;-nan(ind);0.000000;-nan(ind);1.794042;-3.600000;
S2HoG(RGB);0;14960;0;4408;0.000000;0.000000;-nan(ind);0.000000;-nan(ind);1.793990;-3.400000;
S2HoG(RGB);0;14960;0;4408;0.000000;0.000000;-nan(ind);0.000000;-nan(ind);1.795642;-3.200000;
S2HoG(RGB);0;14960;0;4408;0.000000;0.000000;-nan(ind);0.000000;-nan(ind);1.794971;-3.000000;
S2HoG(RGB);0;14960;0;4408;0.000000;0.000000;-nan(ind);0.000000;-nan(ind);1.793835;-2.800000;
S2HoG(RGB);0;14960;0;4408;0.000000;0.000000;-nan(ind);0.000000;-nan(ind);1.794042;-2.600000;
S2HoG(RGB);0;14960;0;4408;0.000000;0.000000;-nan(ind);0.000000;-nan(ind);1.794610;-2.400000;
S2HoG(RGB);0;14960;0;4408;0.000000;0.000000;-nan(ind);0.000000;-nan(ind);1.793887;-2.200000;
S2HoG(RGB);0;14960;0;4408;0.000000;0.000000;-nan(ind);0.000000;-nan(ind);1.794661;-2.000000;
S2HoG(RGB);0;14960;0;4408;0.000000;0.000000;-nan(ind);0.000000;-nan(ind);1.793835;-1.800000;
S2HoG(RGB);3;14960;0;4405;0.000681;0.000000;1.000000;0.000681;0.001360;1.793680;-1.600000;
S2HoG(RGB);7;14959;1;4401;0.001588;0.000067;0.875000;0.001588;0.003170;1.794455;-1.400000;
S2HoG(RGB);12;14958;2;4396;0.002722;0.000134;0.857143;0.002722;0.005427;1.794248;-1.200000;
S2HoG(RGB);54;14954;6;4354;0.012250;0.000401;0.900000;0.012250;0.024172;1.794300;-1.000000;
S2HoG(RGB);145;14936;24;4263;0.032895;0.001604;0.857988;0.032895;0.063360;1.793319;-0.800000;
S2HoG(RGB);361;14904;56;4047;0.081897;0.003743;0.865707;0.081897;0.149637;1.793577;-0.600000;
S2HoG(RGB);715;14832;128;3693;0.162205;0.008556;0.848161;0.162205;0.272329;1.793680;-0.400000;
S2HoG(RGB);1237;14730;230;3171;0.280626;0.015374;0.843217;0.280626;0.421106;1.794765;-0.200000;
S2HoG(RGB);1818;14562;398;2590;0.412432;0.026604;0.820397;0.412432;0.548913;1.794455;0.000000;
S2HoG(RGB);2391;14352;608;2017;0.542423;0.040642;0.797266;0.542423;0.645606;1.794661;0.200000;
S2HoG(RGB);2902;14107;853;1506;0.658348;0.057019;0.772836;0.658348;0.711013;1.794816;0.400000;
S2HoG(RGB);3315;13803;1157;1093;0.752042;0.077340;0.741279;0.752042;0.746622;1.793835;0.600000;
S2HoG(RGB);3620;13502;1458;788;0.821234;0.097460;0.712879;0.821234;0.763230;1.795539;0.800000;
S2HoG(RGB);3833;13180;1780;575;0.869555;0.118984;0.682879;0.869555;0.764994;1.795384;1.000000;
S2HoG(RGB);3965;12861;2099;443;0.899501;0.140307;0.653859;0.899501;0.757257;1.794919;1.200000;
S2HoG(RGB);4072;12514;2446;336;0.923775;0.163503;0.624732;0.923775;0.745378;1.795333;1.400000;
S2HoG(RGB);4145;12194;2766;263;0.940336;0.184893;0.599768;0.940336;0.732397;1.794455;1.600000;
S2HoG(RGB);4196;11868;3092;212;0.951906;0.206684;0.575741;0.951906;0.717510;1.794300;1.800000;
S2HoG(RGB);4237;11511;3449;171;0.961207;0.230548;0.551262;0.961207;0.700678;1.795023;2.000000;
S2HoG(RGB);4261;11176;3784;147;0.966652;0.252941;0.529646;0.966652;0.684333;1.795178;2.200000;
S2HoG(RGB);4283;10807;4153;125;0.971642;0.277607;0.507705;0.971642;0.666926;1.794558;2.400000;
S2HoG(RGB);4297;10439;4521;111;0.974819;0.302206;0.487299;0.974819;0.649781;1.794248;2.600000;
S2HoG(RGB);4318;10064;4896;90;0.979583;0.327273;0.468635;0.979583;0.633974;1.794816;2.800000;
S2HoG(RGB);4334;9707;5253;74;0.983212;0.351136;0.452071;0.983212;0.619364;1.794248;3.000000;
S2HoG(RGB);4346;9356;5604;62;0.985935;0.374599;0.436784;0.985935;0.605377;1.793319;3.200000;
S2HoG(RGB);4357;9027;5933;51;0.988430;0.396591;0.423421;0.988430;0.592870;1.794558;3.400000;
S2HoG(RGB);4365;8691;6269;43;0.990245;0.419051;0.410476;0.990245;0.580375;1.794093;3.600000;
S2HoG(RGB);4367;8398;6562;41;0.990699;0.438636;0.399579;0.990699;0.569473;1.793835;3.800000;
S2HoG(RGB);4373;8061;6899;35;0.992060;0.461163;0.387952;0.992060;0.557781;1.793732;4.000000;
S2HoG(RGB);4377;7742;7218;31;0.992967;0.482487;0.377490;0.992967;0.547022;1.793938;4.200000;
S2HoG(RGB);4380;7472;7488;28;0.993648;0.500535;0.369060;0.993648;0.538216;1.793680;4.400000;
S2HoG(RGB);4383;7161;7799;25;0.994328;0.521324;0.359793;0.994328;0.528391;1.794145;4.600000;
S2HoG(RGB);4388;6876;8084;20;0.995463;0.540374;0.351828;0.995463;0.519905;1.794816;4.800000;
S2HoG(RGB);4391;6586;8374;17;0.996143;0.559759;0.343987;0.996143;0.511384;1.794506;5.000000;
S2HoG(RGB);4392;6321;8639;16;0.996370;0.577473;0.337042;0.996370;0.503699;1.794558;5.200000;
S2HoG(RGB);4395;6049;8911;13;0.997051;0.595655;0.330302;0.997051;0.496218;1.793990;5.400000;
S2HoG(RGB);4396;5807;9153;12;0.997278;0.611832;0.324452;0.997278;0.489614;1.795126;5.600000;
S2HoG(RGB);4397;5569;9391;11;0.997505;0.627741;0.318900;0.997505;0.483293;1.793990;5.800000;
S2HoG(RGB);4397;5336;9624;11;0.997505;0.643316;0.313601;0.997505;0.477183;1.794197;6.000000;
S2HoG(RGB);4399;5099;9861;9;0.997958;0.659158;0.308485;0.997958;0.471288;1.794971;6.200000;
S2HoG(RGB);4401;4869;10091;7;0.998412;0.674532;0.303685;0.998412;0.465714;1.794558;6.400000;
S2HoG(RGB);4401;4629;10331;7;0.998412;0.690575;0.298737;0.998412;0.459875;1.793525;6.600000;
S2HoG(RGB);4402;4435;10525;6;0.998639;0.703543;0.294902;0.998639;0.455340;1.794403;6.800000;
S2HoG(RGB);4403;4243;10717;5;0.998866;0.716377;0.291204;0.998866;0.450942;1.794352;7.000000;
S2HoG(RGB);4403;4052;10908;5;0.998866;0.729144;0.287571;0.998866;0.446574;1.794558;7.200000;
S2HoG(RGB);4403;3871;11089;5;0.998866;0.741243;0.284211;0.998866;0.442513;1.794352;7.400000;
S2HoG(RGB);4403;3696;11264;5;0.998866;0.752941;0.281037;0.998866;0.438655;1.794300;7.600000;
S2HoG(RGB);4403;3508;11452;5;0.998866;0.765508;0.277704;0.998866;0.434585;1.793680;7.800000;
S2HoG(RGB);4403;3327;11633;5;0.998866;0.777607;0.274570;0.998866;0.430738;1.794042;8.000000;
S2HoG(RGB);4403;3157;11803;5;0.998866;0.788971;0.271689;0.998866;0.427185;1.794300;8.200000;
S2HoG(RGB);4405;2998;11962;3;0.999319;0.799599;0.269139;0.999319;0.424067;1.793887;8.400000;
S2HoG(RGB);4407;2851;12109;1;0.999773;0.809425;0.266832;0.999773;0.421239;1.794455;8.600000;
S2HoG(RGB);4407;2689;12271;1;0.999773;0.820254;0.264240;0.999773;0.418002;1.795126;8.800000;
S2HoG(RGB);4407;2556;12404;1;0.999773;0.829144;0.262150;0.999773;0.415382;1.794868;9.000000;
S2HoG(RGB);4407;2412;12548;1;0.999773;0.838770;0.259923;0.999773;0.412583;1.793784;9.200000;
S2HoG(RGB);4407;2281;12679;1;0.999773;0.847527;0.257930;0.999773;0.410068;1.793887;9.400000;
S2HoG(RGB);4408;2171;12789;0;1.000000;0.854880;0.256324;1.000000;0.408054;1.795229;9.600000;
S2HoG(RGB);4408;2023;12937;0;1.000000;0.864773;0.254137;1.000000;0.405277;1.794868;9.800000;
SIFT(Depth);0;14960;0;4408;0.000000;0.000000;-nan(ind);0.000000;-nan(ind);10.711380;-10.000000;
SIFT(Depth);0;14960;0;4408;0.000000;0.000000;-nan(ind);0.000000;-nan(ind);10.705184;-9.800000;
SIFT(Depth);0;14960;0;4408;0.000000;0.000000;-nan(ind);0.000000;-nan(ind);10.703790;-9.600000;
SIFT(Depth);0;14960;0;4408;0.000000;0.000000;-nan(ind);0.000000;-nan(ind);10.703377;-9.400000;
SIFT(Depth);0;14960;0;4408;0.000000;0.000000;-nan(ind);0.000000;-nan(ind);10.703532;-9.200000;
SIFT(Depth);0;14960;0;4408;0.000000;0.000000;-nan(ind);0.000000;-nan(ind);10.703790;-9.000000;
SIFT(Depth);0;14960;0;4408;0.000000;0.000000;-nan(ind);0.000000;-nan(ind);10.703119;-8.800000;
SIFT(Depth);0;14960;0;4408;0.000000;0.000000;-nan(ind);0.000000;-nan(ind);10.703686;-8.600000;
SIFT(Depth);0;14960;0;4408;0.000000;0.000000;-nan(ind);0.000000;-nan(ind);10.702499;-8.400000;
SIFT(Depth);0;14960;0;4408;0.000000;0.000000;-nan(ind);0.000000;-nan(ind);10.703893;-8.200000;
SIFT(Depth);0;14960;0;4408;0.000000;0.000000;-nan(ind);0.000000;-nan(ind);10.703635;-8.000000;
SIFT(Depth);0;14960;0;4408;0.000000;0.000000;-nan(ind);0.000000;-nan(ind);10.703686;-7.800000;
SIFT(Depth);0;14960;0;4408;0.000000;0.000000;-nan(ind);0.000000;-nan(ind);10.703945;-7.600000;
SIFT(Depth);0;14960;0;4408;0.000000;0.000000;-nan(ind);0.000000;-nan(ind);10.703893;-7.400000;
SIFT(Depth);0;14960;0;4408;0.000000;0.000000;-nan(ind);0.000000;-nan(ind);10.704926;-7.200000;
SIFT(Depth);0;14960;0;4408;0.000000;0.000000;-nan(ind);0.000000;-nan(ind);10.703532;-7.000000;
SIFT(Depth);0;14960;0;4408;0.000000;0.000000;-nan(ind);0.000000;-nan(ind);10.703841;-6.800000;
SIFT(Depth);0;14960;0;4408;0.000000;0.000000;-nan(ind);0.000000;-nan(ind);10.704151;-6.600000;
SIFT(Depth);0;14960;0;4408;0.000000;0.000000;-nan(ind);0.000000;-nan(ind);10.703635;-6.400000;
SIFT(Depth);0;14960;0;4408;0.000000;0.000000;-nan(ind);0.000000;-nan(ind);10.703583;-6.200000;
SIFT(Depth);0;14960;0;4408;0.000000;0.000000;-nan(ind);0.000000;-nan(ind);10.702912;-6.000000;
SIFT(Depth);0;14960;0;4408;0.000000;0.000000;-nan(ind);0.000000;-nan(ind);10.703583;-5.800000;
SIFT(Depth);0;14960;0;4408;0.000000;0.000000;-nan(ind);0.000000;-nan(ind);10.703377;-5.600000;
SIFT(Depth);0;14960;0;4408;0.000000;0.000000;-nan(ind);0.000000;-nan(ind);10.703996;-5.400000;
SIFT(Depth);0;14960;0;4408;0.000000;0.000000;-nan(ind);0.000000;-nan(ind);10.702860;-5.200000;
SIFT(Depth);0;14960;0;4408;0.000000;0.000000;-nan(ind);0.000000;-nan(ind);10.704254;-5.000000;
SIFT(Depth);0;14960;0;4408;0.000000;0.000000;-nan(ind);0.000000;-nan(ind);10.703635;-4.800000;
SIFT(Depth);0;14960;0;4408;0.000000;0.000000;-nan(ind);0.000000;-nan(ind);10.702654;-4.600000;
SIFT(Depth);0;14960;0;4408;0.000000;0.000000;-nan(ind);0.000000;-nan(ind);10.703222;-4.400000;
SIFT(Depth);0;14960;0;4408;0.000000;0.000000;-nan(ind);0.000000;-nan(ind);10.703428;-4.200000;
SIFT(Depth);0;14960;0;4408;0.000000;0.000000;-nan(ind);0.000000;-nan(ind);10.702860;-4.000000;
SIFT(Depth);0;14960;0;4408;0.000000;0.000000;-nan(ind);0.000000;-nan(ind);10.704048;-3.800000;
SIFT(Depth);0;14960;0;4408;0.000000;0.000000;-nan(ind);0.000000;-nan(ind);10.704048;-3.600000;
SIFT(Depth);0;14960;0;4408;0.000000;0.000000;-nan(ind);0.000000;-nan(ind);10.703790;-3.400000;
SIFT(Depth);0;14960;0;4408;0.000000;0.000000;-nan(ind);0.000000;-nan(ind);10.704048;-3.200000;
SIFT(Depth);0;14960;0;4408;0.000000;0.000000;-nan(ind);0.000000;-nan(ind);10.705132;-3.000000;
SIFT(Depth);0;14960;0;4408;0.000000;0.000000;-nan(ind);0.000000;-nan(ind);10.703428;-2.800000;
SIFT(Depth);0;14960;0;4408;0.000000;0.000000;-nan(ind);0.000000;-nan(ind);10.703738;-2.600000;
SIFT(Depth);0;14960;0;4408;0.000000;0.000000;-nan(ind);0.000000;-nan(ind);10.703015;-2.400000;
SIFT(Depth);0;14960;0;4408;0.000000;0.000000;-nan(ind);0.000000;-nan(ind);10.702705;-2.200000;
SIFT(Depth);0;14960;0;4408;0.000000;0.000000;-nan(ind);0.000000;-nan(ind);10.703222;-2.000000;
SIFT(Depth);0;14960;0;4408;0.000000;0.000000;-nan(ind);0.000000;-nan(ind);10.704048;-1.800000;
SIFT(Depth);0;14960;0;4408;0.000000;0.000000;-nan(ind);0.000000;-nan(ind);10.703532;-1.600000;
SIFT(Depth);0;14960;0;4408;0.000000;0.000000;-nan(ind);0.000000;-nan(ind);10.702757;-1.400000;
SIFT(Depth);0;14960;0;4408;0.000000;0.000000;-nan(ind);0.000000;-nan(ind);10.703377;-1.200000;
SIFT(Depth);0;14960;0;4408;0.000000;0.000000;-nan(ind);0.000000;-nan(ind);10.702499;-1.000000;
SIFT(Depth);0;14960;0;4408;0.000000;0.000000;-nan(ind);0.000000;-nan(ind);10.703532;-0.800000;
SIFT(Depth);0;14960;0;4408;0.000000;0.000000;-nan(ind);0.000000;-nan(ind);10.703273;-0.600000;
SIFT(Depth);0;14960;0;4408;0.000000;0.000000;-nan(ind);0.000000;-nan(ind);10.703428;-0.400000;
SIFT(Depth);0;14960;0;4408;0.000000;0.000000;-nan(ind);0.000000;-nan(ind);10.703119;-0.200000;
SIFT(Depth);0;14960;0;4408;0.000000;0.000000;-nan(ind);0.000000;-nan(ind);10.704513;0.000000;
SIFT(Depth);0;14960;0;4408;0.000000;0.000000;-nan(ind);0.000000;-nan(ind);10.703325;0.200000;
SIFT(Depth);0;14960;0;4408;0.000000;0.000000;-nan(ind);0.000000;-nan(ind);10.703119;0.400000;
SIFT(Depth);0;14960;0;4408;0.000000;0.000000;-nan(ind);0.000000;-nan(ind);10.703738;0.600000;
SIFT(Depth);0;14960;0;4408;0.000000;0.000000;-nan(ind);0.000000;-nan(ind);10.703273;0.800000;
SIFT(Depth);0;14960;0;4408;0.000000;0.000000;-nan(ind);0.000000;-nan(ind);10.703738;1.000000;
SIFT(Depth);0;14960;0;4408;0.000000;0.000000;-nan(ind);0.000000;-nan(ind);10.703532;1.200000;
SIFT(Depth);3796;3190;11770;612;0.861162;0.786765;0.243865;0.861162;0.380094;10.705907;1.400000;
SIFT(Depth);4241;1028;13932;167;0.962114;0.931283;0.233368;0.962114;0.375626;10.704254;1.600000;
SIFT(Depth);4381;180;14780;27;0.993875;0.987968;0.228642;0.993875;0.371760;10.703480;1.800000;
SIFT(Depth);4381;180;14780;27;0.993875;0.987968;0.228642;0.993875;0.371760;10.703841;2.000000;
SIFT(Depth);4408;0;14960;0;1.000000;1.000000;0.227592;1.000000;0.370794;10.703377;2.200000;
SIFT(Depth);4408;0;14960;0;1.000000;1.000000;0.227592;1.000000;0.370794;10.703635;2.400000;
SIFT(Depth);4408;0;14960;0;1.000000;1.000000;0.227592;1.000000;0.370794;10.703377;2.600000;
SIFT(Depth);4408;0;14960;0;1.000000;1.000000;0.227592;1.000000;0.370794;10.703015;2.800000;
SIFT(Depth);4408;0;14960;0;1.000000;1.000000;0.227592;1.000000;0.370794;10.703325;3.000000;
SIFT(Depth);4408;0;14960;0;1.000000;1.000000;0.227592;1.000000;0.370794;10.704203;3.200000;
SIFT(Depth);4408;0;14960;0;1.000000;1.000000;0.227592;1.000000;0.370794;10.703532;3.400000;
SIFT(Depth);4408;0;14960;0;1.000000;1.000000;0.227592;1.000000;0.370794;10.703428;3.600000;
SIFT(Depth);4408;0;14960;0;1.000000;1.000000;0.227592;1.000000;0.370794;10.703790;3.800000;
SIFT(Depth);4408;0;14960;0;1.000000;1.000000;0.227592;1.000000;0.370794;10.703067;4.000000;
SIFT(Depth);4408;0;14960;0;1.000000;1.000000;0.227592;1.000000;0.370794;10.703273;4.200000;
SIFT(Depth);4408;0;14960;0;1.000000;1.000000;0.227592;1.000000;0.370794;10.703686;4.400000;
SIFT(Depth);4408;0;14960;0;1.000000;1.000000;0.227592;1.000000;0.370794;10.703945;4.600000;
SIFT(Depth);4408;0;14960;0;1.000000;1.000000;0.227592;1.000000;0.370794;10.703428;4.800000;
SIFT(Depth);4408;0;14960;0;1.000000;1.000000;0.227592;1.000000;0.370794;10.703325;5.000000;
SIFT(Depth);4408;0;14960;0;1.000000;1.000000;0.227592;1.000000;0.370794;10.703119;5.200000;
SIFT(Depth);4408;0;14960;0;1.000000;1.000000;0.227592;1.000000;0.370794;10.703532;5.400000;
SIFT(Depth);4408;0;14960;0;1.000000;1.000000;0.227592;1.000000;0.370794;10.702241;5.600000;
SIFT(Depth);4408;0;14960;0;1.000000;1.000000;0.227592;1.000000;0.370794;10.703790;5.800000;
SIFT(Depth);4408;0;14960;0;1.000000;1.000000;0.227592;1.000000;0.370794;10.703635;6.000000;
SIFT(Depth);4408;0;14960;0;1.000000;1.000000;0.227592;1.000000;0.370794;10.703119;6.200000;
SIFT(Depth);4408;0;14960;0;1.000000;1.000000;0.227592;1.000000;0.370794;10.703532;6.400000;
SIFT(Depth);4408;0;14960;0;1.000000;1.000000;0.227592;1.000000;0.370794;10.703841;6.600000;
SIFT(Depth);4408;0;14960;0;1.000000;1.000000;0.227592;1.000000;0.370794;10.704306;6.800000;
SIFT(Depth);4408;0;14960;0;1.000000;1.000000;0.227592;1.000000;0.370794;10.703428;7.000000;
SIFT(Depth);4408;0;14960;0;1.000000;1.000000;0.227592;1.000000;0.370794;10.703841;7.200000;
SIFT(Depth);4408;0;14960;0;1.000000;1.000000;0.227592;1.000000;0.370794;10.703945;7.400000;
SIFT(Depth);4408;0;14960;0;1.000000;1.000000;0.227592;1.000000;0.370794;10.702189;7.600000;
SIFT(Depth);4408;0;14960;0;1.000000;1.000000;0.227592;1.000000;0.370794;10.703532;7.800000;
SIFT(Depth);4408;0;14960;0;1.000000;1.000000;0.227592;1.000000;0.370794;10.703790;8.000000;
SIFT(Depth);4408;0;14960;0;1.000000;1.000000;0.227592;1.000000;0.370794;10.703480;8.200000;
SIFT(Depth);4408;0;14960;0;1.000000;1.000000;0.227592;1.000000;0.370794;10.703377;8.400000;
SIFT(Depth);4408;0;14960;0;1.000000;1.000000;0.227592;1.000000;0.370794;10.702860;8.600000;
SIFT(Depth);4408;0;14960;0;1.000000;1.000000;0.227592;1.000000;0.370794;10.703841;8.800000;
SIFT(Depth);4408;0;14960;0;1.000000;1.000000;0.227592;1.000000;0.370794;10.703790;9.000000;
SIFT(Depth);4408;0;14960;0;1.000000;1.000000;0.227592;1.000000;0.370794;10.702551;9.200000;
SIFT(Depth);4408;0;14960;0;1.000000;1.000000;0.227592;1.000000;0.370794;10.702860;9.400000;
SIFT(Depth);4408;0;14960;0;1.000000;1.000000;0.227592;1.000000;0.370794;10.703377;9.600000;
SIFT(Depth);4408;0;14960;0;1.000000;1.000000;0.227592;1.000000;0.370794;10.703841;9.800000;
Corner(RGB);0;14960;0;4408;0.000000;0.000000;-nan(ind);0.000000;-nan(ind);1.676735;-10.000000;
Corner(RGB);0;14960;0;4408;0.000000;0.000000;-nan(ind);0.000000;-nan(ind);1.672708;-9.800000;
Corner(RGB);0;14960;0;4408;0.000000;0.000000;-nan(ind);0.000000;-nan(ind);1.672140;-9.600000;
Corner(RGB);0;14960;0;4408;0.000000;0.000000;-nan(ind);0.000000;-nan(ind);1.670487;-9.400000;
Corner(RGB);0;14960;0;4408;0.000000;0.000000;-nan(ind);0.000000;-nan(ind);1.671623;-9.200000;
Corner(RGB);0;14960;0;4408;0.000000;0.000000;-nan(ind);0.000000;-nan(ind);1.671778;-9.000000;
Corner(RGB);0;14960;0;4408;0.000000;0.000000;-nan(ind);0.000000;-nan(ind);1.671778;-8.800000;
Corner(RGB);0;14960;0;4408;0.000000;0.000000;-nan(ind);0.000000;-nan(ind);1.672088;-8.600000;
Corner(RGB);0;14960;0;4408;0.000000;0.000000;-nan(ind);0.000000;-nan(ind);1.671417;-8.400000;
Corner(RGB);0;14960;0;4408;0.000000;0.000000;-nan(ind);0.000000;-nan(ind);1.671830;-8.200000;
Corner(RGB);0;14960;0;4408;0.000000;0.000000;-nan(ind);0.000000;-nan(ind);1.671365;-8.000000;
Corner(RGB);0;14960;0;4408;0.000000;0.000000;-nan(ind);0.000000;-nan(ind);1.671314;-7.800000;
Corner(RGB);0;14960;0;4408;0.000000;0.000000;-nan(ind);0.000000;-nan(ind);1.671727;-7.600000;
Corner(RGB);0;14960;0;4408;0.000000;0.000000;-nan(ind);0.000000;-nan(ind);1.670952;-7.400000;
Corner(RGB);0;14960;0;4408;0.000000;0.000000;-nan(ind);0.000000;-nan(ind);1.672449;-7.200000;
Corner(RGB);0;14960;0;4408;0.000000;0.000000;-nan(ind);0.000000;-nan(ind);1.671107;-7.000000;
Corner(RGB);0;14960;0;4408;0.000000;0.000000;-nan(ind);0.000000;-nan(ind);1.671778;-6.800000;
Corner(RGB);0;14960;0;4408;0.000000;0.000000;-nan(ind);0.000000;-nan(ind);1.672140;-6.600000;
Corner(RGB);0;14960;0;4408;0.000000;0.000000;-nan(ind);0.000000;-nan(ind);1.672191;-6.400000;
Corner(RGB);0;14960;0;4408;0.000000;0.000000;-nan(ind);0.000000;-nan(ind);1.671262;-6.200000;
Corner(RGB);0;14960;0;4408;0.000000;0.000000;-nan(ind);0.000000;-nan(ind);1.672036;-6.000000;
Corner(RGB);0;14960;0;4408;0.000000;0.000000;-nan(ind);0.000000;-nan(ind);1.672398;-5.800000;
Corner(RGB);0;14960;0;4408;0.000000;0.000000;-nan(ind);0.000000;-nan(ind);1.671055;-5.600000;
Corner(RGB);0;14960;0;4408;0.000000;0.000000;-nan(ind);0.000000;-nan(ind);1.671572;-5.400000;
Corner(RGB);0;14960;0;4408;0.000000;0.000000;-nan(ind);0.000000;-nan(ind);1.672088;-5.200000;
Corner(RGB);0;14960;0;4408;0.000000;0.000000;-nan(ind);0.000000;-nan(ind);1.671985;-5.000000;
Corner(RGB);0;14960;0;4408;0.000000;0.000000;-nan(ind);0.000000;-nan(ind);1.672553;-4.800000;
Corner(RGB);0;14960;0;4408;0.000000;0.000000;-nan(ind);0.000000;-nan(ind);1.671881;-4.600000;
Corner(RGB);0;14960;0;4408;0.000000;0.000000;-nan(ind);0.000000;-nan(ind);1.672088;-4.400000;
Corner(RGB);0;14959;1;4408;0.000000;0.000067;0.000000;0.000000;-nan(ind);1.670952;-4.200000;
Corner(RGB);0;14959;1;4408;0.000000;0.000067;0.000000;0.000000;-nan(ind);1.671159;-4.000000;
Corner(RGB);0;14959;1;4408;0.000000;0.000067;0.000000;0.000000;-nan(ind);1.670694;-3.800000;
Corner(RGB);0;14959;1;4408;0.000000;0.000067;0.000000;0.000000;-nan(ind);1.672088;-3.600000;
Corner(RGB);0;14958;2;4408;0.000000;0.000134;0.000000;0.000000;-nan(ind);1.671468;-3.400000;
Corner(RGB);0;14957;3;4408;0.000000;0.000201;0.000000;0.000000;-nan(ind);1.671004;-3.200000;
Corner(RGB);0;14956;4;4408;0.000000;0.000267;0.000000;0.000000;-nan(ind);1.671778;-3.000000;
Corner(RGB);0;14955;5;4408;0.000000;0.000334;0.000000;0.000000;-nan(ind);1.672140;-2.800000;
Corner(RGB);0;14955;5;4408;0.000000;0.000334;0.000000;0.000000;-nan(ind);1.671933;-2.600000;
Corner(RGB);0;14954;6;4408;0.000000;0.000401;0.000000;0.000000;-nan(ind);1.672088;-2.400000;
Corner(RGB);0;14953;7;4408;0.000000;0.000468;0.000000;0.000000;-nan(ind);1.672295;-2.200000;
Corner(RGB);0;14952;8;4408;0.000000;0.000535;0.000000;0.000000;-nan(ind);1.672088;-2.000000;
Corner(RGB);0;14952;8;4408;0.000000;0.000535;0.000000;0.000000;-nan(ind);1.670487;-1.800000;
Corner(RGB);0;14952;8;4408;0.000000;0.000535;0.000000;0.000000;-nan(ind);1.670952;-1.600000;
Corner(RGB);0;14952;8;4408;0.000000;0.000535;0.000000;0.000000;-nan(ind);1.671004;-1.400000;
Corner(RGB);0;14952;8;4408;0.000000;0.000535;0.000000;0.000000;-nan(ind);1.671210;-1.200000;
Corner(RGB);0;14952;8;4408;0.000000;0.000535;0.000000;0.000000;-nan(ind);1.672604;-1.000000;
Corner(RGB);0;14952;8;4408;0.000000;0.000535;0.000000;0.000000;-nan(ind);1.671623;-0.800000;
Corner(RGB);0;14952;8;4408;0.000000;0.000535;0.000000;0.000000;-nan(ind);1.672088;-0.600000;
Corner(RGB);2;14952;8;4406;0.000454;0.000535;0.200000;0.000454;0.000905;1.670849;-0.400000;
Corner(RGB);22;14950;10;4386;0.004991;0.000668;0.687500;0.004991;0.009910;1.671468;-0.200000;
Corner(RGB);69;14935;25;4339;0.015653;0.001671;0.734043;0.015653;0.030653;1.672191;0.000000;
Corner(RGB);195;14897;63;4213;0.044238;0.004211;0.755814;0.044238;0.083583;1.671365;0.200000;
Corner(RGB);417;14772;188;3991;0.094601;0.012567;0.689256;0.094601;0.166367;1.670436;0.400000;
Corner(RGB);812;14476;484;3596;0.184211;0.032353;0.626543;0.184211;0.284712;1.671727;0.600000;
Corner(RGB);1362;13949;1011;3046;0.308984;0.067580;0.573957;0.308984;0.401711;1.671623;0.800000;
Corner(RGB);1981;12927;2033;2427;0.449410;0.135896;0.493523;0.449410;0.470435;1.671520;1.000000;
Corner(RGB);2661;11427;3533;1747;0.603675;0.236163;0.429609;0.603675;0.501981;1.672708;1.200000;
Corner(RGB);3282;9429;5531;1126;0.744555;0.369719;0.372404;0.744555;0.496483;1.670952;1.400000;
Corner(RGB);3707;7090;7870;701;0.840971;0.526070;0.320204;0.840971;0.463810;1.672243;1.600000;
Corner(RGB);4042;4719;10241;366;0.916969;0.684559;0.282994;0.916969;0.432508;1.671881;1.800000;
Corner(RGB);4218;2745;12215;190;0.956897;0.816511;0.256679;0.956897;0.404779;1.671572;2.000000;
Corner(RGB);4317;1317;13643;91;0.979356;0.911965;0.240367;0.979356;0.385998;1.671520;2.200000;
Corner(RGB);4367;588;14372;41;0.990699;0.960695;0.233043;0.990699;0.377328;1.671985;2.400000;
Corner(RGB);4386;221;14739;22;0.995009;0.985227;0.229333;0.995009;0.372753;1.671055;2.600000;
Corner(RGB);4392;77;14883;16;0.996370;0.994853;0.227860;0.996370;0.370899;1.671417;2.800000;
Corner(RGB);4394;29;14931;14;0.996824;0.998061;0.227374;0.996824;0.370286;1.670952;3.000000;
Corner(RGB);4394;17;14943;14;0.996824;0.998864;0.227233;0.996824;0.370099;1.670797;3.200000;
Corner(RGB);4394;14;14946;14;0.996824;0.999064;0.227198;0.996824;0.370052;1.671675;3.400000;
Corner(RGB);4394;13;14947;14;0.996824;0.999131;0.227186;0.996824;0.370037;1.670333;3.600000;
Corner(RGB);4394;13;14947;14;0.996824;0.999131;0.227186;0.996824;0.370037;1.672346;3.800000;
Corner(RGB);4394;13;14947;14;0.996824;0.999131;0.227186;0.996824;0.370037;1.671210;4.000000;
Corner(RGB);4394;13;14947;14;0.996824;0.999131;0.227186;0.996824;0.370037;1.671572;4.200000;
Corner(RGB);4394;13;14947;14;0.996824;0.999131;0.227186;0.996824;0.370037;1.671417;4.400000;
Corner(RGB);4394;13;14947;14;0.996824;0.999131;0.227186;0.996824;0.370037;1.671210;4.600000;
Corner(RGB);4394;13;14947;14;0.996824;0.999131;0.227186;0.996824;0.370037;1.671468;4.800000;
Corner(RGB);4394;13;14947;14;0.996824;0.999131;0.227186;0.996824;0.370037;1.671107;5.000000;
Corner(RGB);4394;13;14947;14;0.996824;0.999131;0.227186;0.996824;0.370037;1.672656;5.200000;
Corner(RGB);4394;13;14947;14;0.996824;0.999131;0.227186;0.996824;0.370037;1.672346;5.400000;
Corner(RGB);4394;13;14947;14;0.996824;0.999131;0.227186;0.996824;0.370037;1.671314;5.600000;
Corner(RGB);4394;13;14947;14;0.996824;0.999131;0.227186;0.996824;0.370037;1.670849;5.800000;
Corner(RGB);4394;13;14947;14;0.996824;0.999131;0.227186;0.996824;0.370037;1.671417;6.000000;
Corner(RGB);4394;13;14947;14;0.996824;0.999131;0.227186;0.996824;0.370037;1.670797;6.200000;
Corner(RGB);4394;13;14947;14;0.996824;0.999131;0.227186;0.996824;0.370037;1.671210;6.400000;
Corner(RGB);4394;13;14947;14;0.996824;0.999131;0.227186;0.996824;0.370037;1.671778;6.600000;
Corner(RGB);4394;13;14947;14;0.996824;0.999131;0.227186;0.996824;0.370037;1.670384;6.800000;
Corner(RGB);4394;13;14947;14;0.996824;0.999131;0.227186;0.996824;0.370037;1.670694;7.000000;
Corner(RGB);4394;13;14947;14;0.996824;0.999131;0.227186;0.996824;0.370037;1.671314;7.200000;
Corner(RGB);4394;13;14947;14;0.996824;0.999131;0.227186;0.996824;0.370037;1.670539;7.400000;
Corner(RGB);4397;13;14947;11;0.997505;0.999131;0.227306;0.997505;0.370243;1.670797;7.600000;
Corner(RGB);4400;13;14947;8;0.998185;0.999131;0.227425;0.998185;0.370448;1.670333;7.800000;
Corner(RGB);4402;13;14947;6;0.998639;0.999131;0.227505;0.998639;0.370586;1.672398;8.000000;
Corner(RGB);4402;10;14950;6;0.998639;0.999332;0.227470;0.998639;0.370539;1.671778;8.200000;
Corner(RGB);4404;8;14952;4;0.999093;0.999465;0.227526;0.999093;0.370645;1.671262;8.400000;
Corner(RGB);4406;5;14955;2;0.999546;0.999666;0.227571;0.999546;0.370735;1.672243;8.600000;
Corner(RGB);4406;3;14957;2;0.999546;0.999799;0.227547;0.999546;0.370704;1.672243;8.800000;
Corner(RGB);4406;2;14958;2;0.999546;0.999866;0.227536;0.999546;0.370688;1.672191;9.000000;
Corner(RGB);4407;2;14958;1;0.999773;0.999866;0.227576;0.999773;0.370757;1.671262;9.200000;
Corner(RGB);4407;2;14958;1;0.999773;0.999866;0.227576;0.999773;0.370757;1.670539;9.400000;
Corner(RGB);4407;2;14958;1;0.999773;0.999866;0.227576;0.999773;0.370757;1.671572;9.600000;
Corner(RGB);4407;2;14958;1;0.999773;0.999866;0.227576;0.999773;0.370757;1.671623;9.800000;
HoG(Depth);202;14958;2;4206;0.045826;0.000134;0.990196;0.045826;0.087598;1.913207;-10.000000;
HoG(Depth);232;14958;2;4176;0.052632;0.000134;0.991453;0.052632;0.099957;1.900506;-9.800000;
HoG(Depth);268;14958;2;4140;0.060799;0.000134;0.992593;0.060799;0.114579;1.899938;-9.600000;
HoG(Depth);310;14958;2;4098;0.070327;0.000134;0.993590;0.070327;0.131356;1.898183;-9.400000;
HoG(Depth);358;14958;2;4050;0.081216;0.000134;0.994444;0.081216;0.150168;1.900713;-9.200000;
HoG(Depth);412;14958;2;3996;0.093466;0.000134;0.995169;0.093466;0.170883;1.902313;-9.000000;
HoG(Depth);474;14958;2;3934;0.107532;0.000134;0.995798;0.107532;0.194103;1.900816;-8.800000;
HoG(Depth);523;14958;2;3885;0.118648;0.000134;0.996190;0.118648;0.212041;1.903139;-8.600000;
HoG(Depth);585;14957;3;3823;0.132713;0.000201;0.994898;0.132713;0.234187;1.898647;-8.400000;
HoG(Depth);656;14957;3;3752;0.148820;0.000201;0.995448;0.148820;0.258930;1.899835;-8.200000;
HoG(Depth);726;14956;4;3682;0.164701;0.000267;0.994521;0.164701;0.282600;1.901848;-8.000000;
HoG(Depth);796;14956;4;3612;0.180581;0.000267;0.995000;0.180581;0.305684;1.900454;-7.800000;
HoG(Depth);891;14956;4;3517;0.202132;0.000267;0.995531;0.202132;0.336036;1.899318;-7.600000;
HoG(Depth);979;14956;4;3429;0.222096;0.000267;0.995931;0.222096;0.363198;1.900713;-7.400000;
HoG(Depth);1066;14956;4;3342;0.241833;0.000267;0.996262;0.241833;0.389193;1.901126;-7.200000;
HoG(Depth);1158;14956;4;3250;0.262704;0.000267;0.996558;0.262704;0.415799;1.899938;-7.000000;
HoG(Depth);1254;14956;4;3154;0.284483;0.000267;0.996820;0.284483;0.442640;1.898596;-6.800000;
HoG(Depth);1359;14956;4;3049;0.308303;0.000267;0.997065;0.308303;0.470976;1.899525;-6.600000;
HoG(Depth);1479;14956;4;2929;0.335526;0.000267;0.997303;0.335526;0.502122;1.899680;-6.400000;
HoG(Depth);1596;14955;5;2812;0.362069;0.000334;0.996877;0.362069;0.531203;1.898389;-6.200000;
HoG(Depth);1697;14955;5;2711;0.384982;0.000334;0.997062;0.384982;0.555483;1.900713;-6.000000;
HoG(Depth);1827;14955;5;2581;0.414474;0.000334;0.997271;0.414474;0.585577;1.901177;-5.800000;
HoG(Depth);1948;14955;5;2460;0.441924;0.000334;0.997440;0.441924;0.612482;1.900248;-5.600000;
HoG(Depth);2078;14955;5;2330;0.471416;0.000334;0.997600;0.471416;0.640271;1.900661;-5.400000;
HoG(Depth);2189;14954;6;2219;0.496597;0.000401;0.997267;0.496597;0.663032;1.902468;-5.200000;
HoG(Depth);2305;14954;6;2103;0.522913;0.000401;0.997404;0.522913;0.686114;1.899267;-5.000000;
HoG(Depth);2432;14953;7;1976;0.551724;0.000468;0.997130;0.551724;0.710384;1.900867;-4.800000;
HoG(Depth);2562;14952;8;1846;0.581216;0.000535;0.996887;0.581216;0.734308;1.899318;-4.600000;
HoG(Depth);2678;14950;10;1730;0.607532;0.000668;0.996280;0.607532;0.754791;1.900816;-4.400000;
HoG(Depth);2793;14947;13;1615;0.633621;0.000869;0.995367;0.633621;0.774328;1.902365;-4.200000;
HoG(Depth);2901;14947;13;1507;0.658122;0.000869;0.995539;0.658122;0.792406;1.899628;-4.000000;
HoG(Depth);3009;14943;17;1399;0.682623;0.001136;0.994382;0.682623;0.809524;1.902210;-3.800000;
HoG(Depth);3095;14942;18;1313;0.702132;0.001203;0.994218;0.702132;0.823029;1.901126;-3.600000;
HoG(Depth);3178;14938;22;1230;0.720962;0.001471;0.993125;0.720962;0.835436;1.898596;-3.400000;
HoG(Depth);3253;14931;29;1155;0.737976;0.001939;0.991164;0.737976;0.846034;1.898854;-3.200000;
HoG(Depth);3331;14930;30;1077;0.755672;0.002005;0.991074;0.755672;0.857511;1.899267;-3.000000;
HoG(Depth);3417;14927;33;991;0.775181;0.002206;0.990435;0.775181;0.869687;1.900506;-2.800000;
HoG(Depth);3503;14924;36;905;0.794691;0.002406;0.989828;0.794691;0.881591;1.899009;-2.600000;
HoG(Depth);3579;14916;44;829;0.811933;0.002941;0.987855;0.811933;0.891296;1.898596;-2.400000;
HoG(Depth);3656;14912;48;752;0.829401;0.003209;0.987041;0.829401;0.901381;1.901590;-2.200000;
HoG(Depth);3729;14909;51;679;0.845962;0.003409;0.986508;0.845962;0.910845;1.901332;-2.000000;
HoG(Depth);3784;14902;58;624;0.858439;0.003877;0.984904;0.858439;0.917333;1.899577;-1.800000;
HoG(Depth);3830;14896;64;578;0.868875;0.004278;0.983564;0.868875;0.922669;1.899835;-1.600000;
HoG(Depth);3898;14891;69;510;0.884301;0.004612;0.982607;0.884301;0.930866;1.899990;-1.400000;
HoG(Depth);3941;14886;74;467;0.894056;0.004947;0.981569;0.894056;0.935771;1.899525;-1.200000;
HoG(Depth);3995;14873;87;413;0.906307;0.005816;0.978687;0.906307;0.941107;1.899577;-1.000000;
HoG(Depth);4040;14865;95;368;0.916515;0.006350;0.977025;0.916515;0.945804;1.899886;-0.800000;
HoG(Depth);4084;14859;101;324;0.926497;0.006751;0.975866;0.926497;0.950541;1.901022;-0.600000;
HoG(Depth);4114;14848;112;294;0.933303;0.007487;0.973497;0.933303;0.952977;1.899215;-0.400000;
HoG(Depth);4146;14837;123;262;0.940563;0.008222;0.971188;0.940563;0.955630;1.899164;-0.200000;
HoG(Depth);4175;14831;129;233;0.947142;0.008623;0.970028;0.947142;0.958448;1.899009;0.000000;
HoG(Depth);4195;14815;145;213;0.951679;0.009693;0.966590;0.951679;0.959076;1.899835;0.200000;
HoG(Depth);4222;14792;168;186;0.957804;0.011230;0.961731;0.957804;0.959764;1.898441;0.400000;
HoG(Depth);4247;14776;184;161;0.963475;0.012299;0.958474;0.963475;0.960968;1.900403;0.600000;
HoG(Depth);4256;14752;208;152;0.965517;0.013904;0.953405;0.965517;0.959423;1.900713;0.800000;
HoG(Depth);4275;14734;226;133;0.969828;0.015107;0.949789;0.969828;0.959704;1.899680;1.000000;
HoG(Depth);4300;14708;252;108;0.975499;0.016845;0.944640;0.975499;0.959821;1.900713;1.200000;
HoG(Depth);4312;14688;272;96;0.978221;0.018182;0.940663;0.978221;0.959075;1.899577;1.400000;
HoG(Depth);4327;14669;291;81;0.981624;0.019452;0.936986;0.981624;0.958786;1.900558;1.600000;
HoG(Depth);4338;14650;310;70;0.984120;0.020722;0.933305;0.984120;0.958039;1.900145;1.800000;
HoG(Depth);4346;14633;327;62;0.985935;0.021858;0.930024;0.985935;0.957163;1.899680;2.000000;
HoG(Depth);4352;14606;354;56;0.987296;0.023663;0.924777;0.987296;0.955014;1.900764;2.200000;
HoG(Depth);4358;14580;380;50;0.988657;0.025401;0.919797;0.988657;0.952985;1.901022;2.400000;
HoG(Depth);4363;14552;408;45;0.989791;0.027273;0.914483;0.989791;0.950648;1.898131;2.600000;
HoG(Depth);4373;14526;434;35;0.992060;0.029011;0.909715;0.992060;0.949105;1.899164;2.800000;
HoG(Depth);4378;14499;461;30;0.993194;0.030816;0.904732;0.993194;0.946902;1.898337;3.000000;
HoG(Depth);4382;14475;485;26;0.994102;0.032420;0.900349;0.994102;0.944906;1.899370;3.200000;
HoG(Depth);4386;14447;513;22;0.995009;0.034291;0.895285;0.995009;0.942516;1.899628;3.400000;
HoG(Depth);4391;14417;543;17;0.996143;0.036297;0.889947;0.996143;0.940056;1.899525;3.600000;
HoG(Depth);4393;14383;577;15;0.996597;0.038570;0.883903;0.996597;0.936874;1.899422;3.800000;
HoG(Depth);4394;14349;611;14;0.996824;0.040842;0.877922;0.996824;0.933602;1.900558;4.000000;
HoG(Depth);4396;14310;650;12;0.997278;0.043449;0.871185;0.997278;0.929977;1.900196;4.200000;
HoG(Depth);4397;14273;687;11;0.997505;0.045922;0.864870;0.997505;0.926464;1.900816;4.400000;
HoG(Depth);4400;14236;724;8;0.998185;0.048396;0.858704;0.998185;0.923206;1.899628;4.600000;
HoG(Depth);4400;14198;762;8;0.998185;0.050936;0.852383;0.998185;0.919540;1.900558;4.800000;
HoG(Depth);4402;14151;809;6;0.998639;0.054078;0.844751;0.998639;0.915272;1.900093;5.000000;
HoG(Depth);4403;14103;857;5;0.998866;0.057286;0.837072;0.998866;0.910840;1.902313;5.200000;
HoG(Depth);4403;14063;897;5;0.998866;0.059960;0.830755;0.998866;0.907087;1.900558;5.400000;
HoG(Depth);4403;14007;953;5;0.998866;0.063703;0.822069;0.998866;0.901884;1.900609;5.600000;
HoG(Depth);4404;13943;1017;4;0.999093;0.067981;0.812396;0.999093;0.896124;1.900661;5.800000;
HoG(Depth);4405;13890;1070;3;0.999319;0.071524;0.804566;0.999319;0.891430;1.900351;6.000000;
HoG(Depth);4405;13834;1126;3;0.999319;0.075267;0.796420;0.999319;0.886407;1.899164;6.200000;
HoG(Depth);4405;13781;1179;3;0.999319;0.078810;0.788861;0.999319;0.881705;1.901229;6.400000;
HoG(Depth);4407;13693;1267;1;0.999773;0.084693;0.776701;0.999773;0.874231;1.899215;6.600000;
HoG(Depth);4407;13605;1355;1;0.999773;0.090575;0.764839;0.999773;0.866667;1.901539;6.800000;
HoG(Depth);4407;13495;1465;1;0.999773;0.097928;0.750511;0.999773;0.857393;1.900196;7.000000;
HoG(Depth);4407;13388;1572;1;0.999773;0.105080;0.737080;0.999773;0.848561;1.899370;7.200000;
HoG(Depth);4407;13266;1694;1;0.999773;0.113235;0.722341;0.999773;0.838710;1.899112;7.400000;
HoG(Depth);4407;13144;1816;1;0.999773;0.121390;0.708179;0.999773;0.829085;1.899525;7.600000;
HoG(Depth);4407;13018;1942;1;0.999773;0.129813;0.694125;0.999773;0.819373;1.900454;7.800000;
HoG(Depth);4408;12840;2120;0;1.000000;0.141711;0.675245;1.000000;0.806145;1.899422;8.000000;
HoG(Depth);4408;12693;2267;0;1.000000;0.151537;0.660375;1.000000;0.795452;1.900558;8.200000;
HoG(Depth);4408;12515;2445;0;1.000000;0.163436;0.643222;1.000000;0.782879;1.901074;8.400000;
HoG(Depth);4408;12331;2629;0;1.000000;0.175735;0.626403;1.000000;0.770293;1.899267;8.600000;
HoG(Depth);4408;12165;2795;0;1.000000;0.186832;0.611967;1.000000;0.759280;1.899112;8.800000;
HoG(Depth);4408;12002;2958;0;1.000000;0.197727;0.598425;1.000000;0.748768;1.897770;9.000000;
HoG(Depth);4408;11795;3165;0;1.000000;0.211564;0.582068;1.000000;0.735832;1.900351;9.200000;
HoG(Depth);4408;11610;3350;0;1.000000;0.223930;0.568188;1.000000;0.724642;1.899938;9.400000;
HoG(Depth);4408;11439;3521;0;1.000000;0.235361;0.555934;1.000000;0.714598;1.899680;9.600000;
HoG(Depth);4408;11208;3752;0;1.000000;0.250802;0.540196;1.000000;0.701464;1.899628;9.800000;
SURF(Depth);0;14960;0;4408;0.000000;0.000000;-nan(ind);0.000000;-nan(ind);3.861163;-10.000000;
SURF(Depth);0;14960;0;4408;0.000000;0.000000;-nan(ind);0.000000;-nan(ind);3.856206;-9.800000;
SURF(Depth);0;14960;0;4408;0.000000;0.000000;-nan(ind);0.000000;-nan(ind);3.856361;-9.600000;
SURF(Depth);0;14960;0;4408;0.000000;0.000000;-nan(ind);0.000000;-nan(ind);3.855741;-9.400000;
SURF(Depth);0;14960;0;4408;0.000000;0.000000;-nan(ind);0.000000;-nan(ind);3.854244;-9.200000;
SURF(Depth);0;14960;0;4408;0.000000;0.000000;-nan(ind);0.000000;-nan(ind);3.855483;-9.000000;
SURF(Depth);0;14960;0;4408;0.000000;0.000000;-nan(ind);0.000000;-nan(ind);3.855483;-8.800000;
SURF(Depth);0;14960;0;4408;0.000000;0.000000;-nan(ind);0.000000;-nan(ind);3.856206;-8.600000;
SURF(Depth);0;14960;0;4408;0.000000;0.000000;-nan(ind);0.000000;-nan(ind);3.855741;-8.400000;
SURF(Depth);0;14960;0;4408;0.000000;0.000000;-nan(ind);0.000000;-nan(ind);3.856051;-8.200000;
SURF(Depth);0;14960;0;4408;0.000000;0.000000;-nan(ind);0.000000;-nan(ind);3.855845;-8.000000;
SURF(Depth);0;14960;0;4408;0.000000;0.000000;-nan(ind);0.000000;-nan(ind);3.854967;-7.800000;
SURF(Depth);0;14960;0;4408;0.000000;0.000000;-nan(ind);0.000000;-nan(ind);3.856103;-7.600000;
SURF(Depth);0;14960;0;4408;0.000000;0.000000;-nan(ind);0.000000;-nan(ind);3.856206;-7.400000;
SURF(Depth);0;14960;0;4408;0.000000;0.000000;-nan(ind);0.000000;-nan(ind);3.855019;-7.200000;
SURF(Depth);0;14960;0;4408;0.000000;0.000000;-nan(ind);0.000000;-nan(ind);3.855277;-7.000000;
SURF(Depth);0;14960;0;4408;0.000000;0.000000;-nan(ind);0.000000;-nan(ind);3.855741;-6.800000;
SURF(Depth);0;14960;0;4408;0.000000;0.000000;-nan(ind);0.000000;-nan(ind);3.855896;-6.600000;
SURF(Depth);0;14960;0;4408;0.000000;0.000000;-nan(ind);0.000000;-nan(ind);3.855896;-6.400000;
SURF(Depth);0;14960;0;4408;0.000000;0.000000;-nan(ind);0.000000;-nan(ind);3.856774;-6.200000;
SURF(Depth);0;14960;0;4408;0.000000;0.000000;-nan(ind);0.000000;-nan(ind);3.855019;-6.000000;
SURF(Depth);0;14960;0;4408;0.000000;0.000000;-nan(ind);0.000000;-nan(ind);3.855483;-5.800000;
SURF(Depth);0;14960;0;4408;0.000000;0.000000;-nan(ind);0.000000;-nan(ind);3.855741;-5.600000;
SURF(Depth);0;14960;0;4408;0.000000;0.000000;-nan(ind);0.000000;-nan(ind);3.855277;-5.400000;
SURF(Depth);0;14960;0;4408;0.000000;0.000000;-nan(ind);0.000000;-nan(ind);3.854967;-5.200000;
SURF(Depth);0;14960;0;4408;0.000000;0.000000;-nan(ind);0.000000;-nan(ind);3.855948;-5.000000;
SURF(Depth);0;14960;0;4408;0.000000;0.000000;-nan(ind);0.000000;-nan(ind);3.856103;-4.800000;
SURF(Depth);0;14960;0;4408;0.000000;0.000000;-nan(ind);0.000000;-nan(ind);3.854760;-4.600000;
SURF(Depth);0;14960;0;4408;0.000000;0.000000;-nan(ind);0.000000;-nan(ind);3.855587;-4.400000;
SURF(Depth);0;14960;0;4408;0.000000;0.000000;-nan(ind);0.000000;-nan(ind);3.855328;-4.200000;
SURF(Depth);0;14960;0;4408;0.000000;0.000000;-nan(ind);0.000000;-nan(ind);3.855328;-4.000000;
SURF(Depth);0;14960;0;4408;0.000000;0.000000;-nan(ind);0.000000;-nan(ind);3.856464;-3.800000;
SURF(Depth);0;14960;0;4408;0.000000;0.000000;-nan(ind);0.000000;-nan(ind);3.855638;-3.600000;
SURF(Depth);0;14960;0;4408;0.000000;0.000000;-nan(ind);0.000000;-nan(ind);3.855535;-3.400000;
SURF(Depth);0;14960;0;4408;0.000000;0.000000;-nan(ind);0.000000;-nan(ind);3.856258;-3.200000;
SURF(Depth);1;14960;0;4407;0.000227;0.000000;1.000000;0.000227;0.000454;3.855225;-3.000000;
SURF(Depth);1;14960;0;4407;0.000227;0.000000;1.000000;0.000227;0.000454;3.855380;-2.800000;
SURF(Depth);1;14960;0;4407;0.000227;0.000000;1.000000;0.000227;0.000454;3.854554;-2.600000;
SURF(Depth);5;14960;0;4403;0.001134;0.000000;1.000000;0.001134;0.002266;3.856258;-2.400000;
SURF(Depth);15;14960;0;4393;0.003403;0.000000;1.000000;0.003403;0.006783;3.855277;-2.200000;
SURF(Depth);27;14960;0;4381;0.006125;0.000000;1.000000;0.006125;0.012176;3.854657;-2.000000;
SURF(Depth);66;14960;0;4342;0.014973;0.000000;1.000000;0.014973;0.029504;3.856877;-1.800000;
SURF(Depth);130;14958;2;4278;0.029492;0.000134;0.984848;0.029492;0.057269;3.855741;-1.600000;
SURF(Depth);227;14956;4;4181;0.051497;0.000267;0.982684;0.051497;0.097866;3.856774;-1.400000;
SURF(Depth);379;14952;8;4029;0.085980;0.000535;0.979328;0.085980;0.158081;3.856413;-1.200000;
SURF(Depth);591;14942;18;3817;0.134074;0.001203;0.970443;0.134074;0.235599;3.856154;-1.000000;
SURF(Depth);805;14932;28;3603;0.182623;0.001872;0.966387;0.182623;0.307193;3.855793;-0.800000;
SURF(Depth);1090;14906;54;3318;0.247278;0.003610;0.952797;0.247278;0.392651;3.855483;-0.600000;
SURF(Depth);1342;14879;81;3066;0.304446;0.005414;0.943078;0.304446;0.460298;3.855793;-0.400000;
SURF(Depth);1736;14818;142;2672;0.393829;0.009492;0.924388;0.393829;0.552339;3.854606;-0.200000;
SURF(Depth);2079;14752;208;2329;0.471642;0.013904;0.909051;0.471642;0.621060;3.854606;0.000000;
SURF(Depth);2288;14675;285;2120;0.519056;0.019051;0.889234;0.519056;0.655493;3.854967;0.200000;
SURF(Depth);2520;14536;424;1888;0.571688;0.028342;0.855978;0.571688;0.685528;3.855122;0.400000;
SURF(Depth);2692;14420;540;1716;0.610708;0.036096;0.832921;0.610708;0.704712;3.855070;0.600000;
SURF(Depth);2826;14278;682;1582;0.641107;0.045588;0.805587;0.641107;0.713997;3.855845;0.800000;
SURF(Depth);3844;13004;1956;564;0.872051;0.130749;0.662759;0.872051;0.753135;3.855896;1.000000;
SURF(Depth);3935;12769;2191;473;0.892695;0.146457;0.642344;0.892695;0.747105;3.856051;1.200000;
SURF(Depth);4087;12348;2612;321;0.927178;0.174599;0.610091;0.927178;0.735932;3.855587;1.400000;
SURF(Depth);4131;12066;2894;277;0.937160;0.193449;0.588043;0.937160;0.722645;3.855896;1.600000;
SURF(Depth);4202;11515;3445;206;0.953267;0.230281;0.549497;0.953267;0.697138;3.856464;1.800000;
SURF(Depth);4254;11030;3930;154;0.965064;0.262701;0.519795;0.965064;0.675667;3.855896;2.000000;
SURF(Depth);4292;10614;4346;116;0.973684;0.290508;0.496874;0.973684;0.657979;3.856000;2.200000;
SURF(Depth);4324;9975;4985;84;0.980944;0.333222;0.464497;0.980944;0.630459;3.855948;2.400000;
SURF(Depth);4344;9416;5544;64;0.985481;0.370588;0.439320;0.985481;0.607722;3.854812;2.600000;
SURF(Depth);4357;8692;6268;51;0.988430;0.418984;0.410071;0.988430;0.579658;3.856154;2.800000;
SURF(Depth);4370;8049;6911;38;0.991379;0.461965;0.387377;0.991379;0.557078;3.855070;3.000000;
SURF(Depth);4381;7468;7492;27;0.993875;0.500802;0.368988;0.993875;0.538173;3.856258;3.200000;
SURF(Depth);4385;6788;8172;23;0.994782;0.546257;0.349208;0.994782;0.516947;3.855483;3.400000;
SURF(Depth);4389;6220;8740;19;0.995690;0.584225;0.334298;0.995690;0.500542;3.856103;3.600000;
SURF(Depth);4393;5633;9327;15;0.996597;0.623463;0.320190;0.996597;0.484665;3.855793;3.800000;
SURF(Depth);4394;5053;9907;14;0.996824;0.662233;0.307251;0.996824;0.469720;3.854864;4.000000;
SURF(Depth);4395;4558;10402;13;0.997051;0.695321;0.297020;0.997051;0.457693;3.855277;4.200000;
SURF(Depth);4398;4030;10930;10;0.997731;0.730615;0.286926;0.997731;0.445683;3.855535;4.400000;
SURF(Depth);4399;3612;11348;9;0.997958;0.758556;0.279355;0.997958;0.436517;3.856413;4.600000;
SURF(Depth);4400;3194;11766;8;0.998185;0.786497;0.272176;0.998185;0.427724;3.855070;4.800000;
SURF(Depth);4401;2856;12104;7;0.998412;0.809091;0.266646;0.998412;0.420887;3.854347;5.000000;
SURF(Depth);4401;2534;12426;7;0.998412;0.830615;0.261544;0.998412;0.414504;3.855896;5.200000;
SURF(Depth);4401;2240;12720;7;0.998412;0.850267;0.257053;0.998412;0.408844;3.855845;5.400000;
SURF(Depth);4401;1988;12972;7;0.998412;0.867112;0.253324;0.998412;0.404114;3.854657;5.600000;
SURF(Depth);4401;1799;13161;7;0.998412;0.879746;0.250598;0.998412;0.400637;3.856154;5.800000;
SURF(Depth);4402;1604;13356;6;0.998639;0.892781;0.247888;0.998639;0.397185;3.855638;6.000000;
SURF(Depth);4402;1439;13521;6;0.998639;0.903810;0.245606;0.998639;0.394250;3.855535;6.200000;
SURF(Depth);4402;1274;13686;6;0.998639;0.914840;0.243366;0.998639;0.391358;3.855070;6.400000;
SURF(Depth);4402;1144;13816;6;0.998639;0.923529;0.241629;0.998639;0.389110;3.855690;6.600000;
SURF(Depth);4402;1034;13926;6;0.998639;0.930882;0.240179;0.998639;0.387227;3.854812;6.800000;
SURF(Depth);4402;934;14026;6;0.998639;0.937567;0.238876;0.998639;0.385532;3.855225;7.000000;
SURF(Depth);4402;844;14116;6;0.998639;0.943583;0.237715;0.998639;0.384018;3.856051;7.200000;
SURF(Depth);4402;746;14214;6;0.998639;0.950134;0.236463;0.998639;0.382384;3.855070;7.400000;
SURF(Depth);4404;669;14291;4;0.999093;0.955281;0.235571;0.999093;0.381249;3.855535;7.600000;
SURF(Depth);4404;603;14357;4;0.999093;0.959693;0.234742;0.999093;0.380163;3.855328;7.800000;
SURF(Depth);4404;541;14419;4;0.999093;0.963837;0.233969;0.999093;0.379149;3.854967;8.000000;
SURF(Depth);4404;491;14469;4;0.999093;0.967179;0.233349;0.999093;0.378334;3.856103;8.200000;
SURF(Depth);4404;442;14518;4;0.999093;0.970455;0.232745;0.999093;0.377540;3.855638;8.400000;
SURF(Depth);4404;388;14572;4;0.999093;0.974064;0.232083;0.999093;0.376668;3.855328;8.600000;
SURF(Depth);4404;352;14608;4;0.999093;0.976471;0.231643;0.999093;0.376089;3.855483;8.800000;
SURF(Depth);4405;304;14656;3;0.999319;0.979679;0.231100;0.999319;0.375389;3.854554;9.000000;
SURF(Depth);4408;254;14706;0;1.000000;0.983021;0.230616;1.000000;0.374798;3.855122;9.200000;
SURF(Depth);4408;217;14743;0;1.000000;0.985495;0.230171;1.000000;0.374209;3.856154;9.400000;
SURF(Depth);4408;189;14771;0;1.000000;0.987366;0.229835;1.000000;0.373765;3.853521;9.600000;
SURF(Depth);4408;162;14798;0;1.000000;0.989171;0.229512;1.000000;0.373338;3.855173;9.800000;
Histogram(Depth);34;14960;0;4374;0.007713;0.000000;1.000000;0.007713;0.015308;0.138373;-10.000000;
Histogram(Depth);34;14960;0;4374;0.007713;0.000000;1.000000;0.007713;0.015308;0.132125;-9.800000;
Histogram(Depth);34;14960;0;4374;0.007713;0.000000;1.000000;0.007713;0.015308;0.133003;-9.600000;
Histogram(Depth);34;14960;0;4374;0.007713;0.000000;1.000000;0.007713;0.015308;0.132538;-9.400000;
Histogram(Depth);36;14960;0;4372;0.008167;0.000000;1.000000;0.008167;0.016202;0.132435;-9.200000;
Histogram(Depth);36;14960;0;4372;0.008167;0.000000;1.000000;0.008167;0.016202;0.133519;-9.000000;
Histogram(Depth);38;14960;0;4370;0.008621;0.000000;1.000000;0.008621;0.017094;0.131815;-8.800000;
Histogram(Depth);38;14960;0;4370;0.008621;0.000000;1.000000;0.008621;0.017094;0.131454;-8.600000;
Histogram(Depth);48;14960;0;4360;0.010889;0.000000;1.000000;0.010889;0.021544;0.131299;-8.400000;
Histogram(Depth);52;14960;0;4356;0.011797;0.000000;1.000000;0.011797;0.023318;0.131764;-8.200000;
Histogram(Depth);56;14960;0;4352;0.012704;0.000000;1.000000;0.012704;0.025090;0.132332;-8.000000;
Histogram(Depth);66;14960;0;4342;0.014973;0.000000;1.000000;0.014973;0.029504;0.131919;-7.800000;
Histogram(Depth);90;14960;0;4318;0.020417;0.000000;1.000000;0.020417;0.040018;0.131299;-7.600000;
Histogram(Depth);118;14960;0;4290;0.026770;0.000000;1.000000;0.026770;0.052143;0.133622;-7.400000;
Histogram(Depth);134;14960;0;4274;0.030399;0.000000;1.000000;0.030399;0.059005;0.132383;-7.200000;
Histogram(Depth);182;14960;0;4226;0.041289;0.000000;1.000000;0.041289;0.079303;0.131247;-7.000000;
Histogram(Depth);246;14960;0;4162;0.055808;0.000000;1.000000;0.055808;0.105716;0.132383;-6.800000;
Histogram(Depth);298;14960;0;4110;0.067604;0.000000;1.000000;0.067604;0.126647;0.131712;-6.600000;
Histogram(Depth);358;14960;0;4050;0.081216;0.000000;1.000000;0.081216;0.150231;0.132745;-6.400000;
Histogram(Depth);396;14960;0;4012;0.089837;0.000000;1.000000;0.089837;0.164863;0.132074;-6.200000;
Histogram(Depth);448;14960;0;3960;0.101633;0.000000;1.000000;0.101633;0.184514;0.132177;-6.000000;
Histogram(Depth);474;14960;0;3934;0.107532;0.000000;1.000000;0.107532;0.194183;0.131402;-5.800000;
Histogram(Depth);502;14960;0;3906;0.113884;0.000000;1.000000;0.113884;0.204481;0.132332;-5.600000;
Histogram(Depth);522;14960;0;3886;0.118421;0.000000;1.000000;0.118421;0.211765;0.132177;-5.400000;
Histogram(Depth);548;14960;0;3860;0.124319;0.000000;1.000000;0.124319;0.221146;0.131454;-5.200000;
Histogram(Depth);560;14958;2;3848;0.127042;0.000134;0.996441;0.127042;0.225352;0.134036;-5.000000;
Histogram(Depth);568;14958;2;3840;0.128857;0.000134;0.996491;0.128857;0.228204;0.132074;-4.800000;
Histogram(Depth);586;14958;2;3822;0.132940;0.000134;0.996599;0.132940;0.234588;0.132022;-4.600000;
Histogram(Depth);588;14956;4;3820;0.133394;0.000267;0.993243;0.133394;0.235200;0.131041;-4.400000;
Histogram(Depth);598;14956;4;3810;0.135662;0.000267;0.993355;0.135662;0.238723;0.132280;-4.200000;
Histogram(Depth);612;14954;6;3796;0.138838;0.000401;0.990291;0.138838;0.243534;0.132022;-4.000000;
Histogram(Depth);630;14954;6;3778;0.142922;0.000401;0.990566;0.142922;0.249802;0.132074;-3.800000;
Histogram(Depth);650;14952;8;3758;0.147459;0.000535;0.987842;0.147459;0.256613;0.132538;-3.600000;
Histogram(Depth);684;14952;8;3724;0.155172;0.000535;0.988439;0.155172;0.268235;0.132487;-3.400000;
Histogram(Depth);724;14952;8;3684;0.164247;0.000535;0.989071;0.164247;0.281712;0.131764;-3.200000;
Histogram(Depth);790;14952;8;3618;0.179220;0.000535;0.989975;0.179220;0.303496;0.132125;-3.000000;
Histogram(Depth);864;14952;8;3544;0.196007;0.000535;0.990826;0.196007;0.327273;0.132125;-2.800000;
Histogram(Depth);932;14950;10;3476;0.211434;0.000668;0.989384;0.211434;0.348411;0.132848;-2.600000;
Histogram(Depth);1050;14948;12;3358;0.238203;0.000802;0.988701;0.238203;0.383912;0.132022;-2.400000;
Histogram(Depth);1162;14944;16;3246;0.263612;0.001070;0.986418;0.263612;0.416040;0.132435;-2.200000;
Histogram(Depth);1302;14940;20;3106;0.295372;0.001337;0.984871;0.295372;0.454450;0.132487;-2.000000;
Histogram(Depth);1474;14934;26;2934;0.334392;0.001738;0.982667;0.334392;0.498984;0.132125;-1.800000;
Histogram(Depth);1632;14926;34;2776;0.370236;0.002273;0.979592;0.370236;0.537372;0.131867;-1.600000;
Histogram(Depth);1828;14924;36;2580;0.414701;0.002406;0.980687;0.414701;0.582908;0.130989;-1.400000;
Histogram(Depth);1996;14912;48;2412;0.452813;0.003209;0.976517;0.452813;0.618723;0.130525;-1.200000;
Histogram(Depth);2184;14894;66;2224;0.495463;0.004412;0.970667;0.495463;0.656053;0.131506;-1.000000;
Histogram(Depth);2430;14876;84;1978;0.551270;0.005615;0.966587;0.551270;0.702109;0.132848;-0.800000;
Histogram(Depth);2658;14862;98;1750;0.602995;0.006551;0.964441;0.602995;0.742044;0.132487;-0.600000;
Histogram(Depth);2916;14812;148;1492;0.661525;0.009893;0.951697;0.661525;0.780514;0.131970;-0.400000;
Histogram(Depth);3156;14778;182;1252;0.715971;0.012166;0.945476;0.715971;0.814872;0.132487;-0.200000;
Histogram(Depth);3370;14730;230;1038;0.764519;0.015374;0.936111;0.764519;0.841658;0.132848;0.000000;
Histogram(Depth);3580;14678;282;828;0.812160;0.018850;0.926981;0.812160;0.865780;0.133003;0.200000;
Histogram(Depth);3760;14564;396;648;0.852995;0.026471;0.904716;0.852995;0.878094;0.131454;0.400000;
Histogram(Depth);3884;14474;486;524;0.881125;0.032487;0.888787;0.881125;0.884940;0.132383;0.600000;
Histogram(Depth);4010;14354;606;398;0.909710;0.040508;0.868718;0.909710;0.888741;0.132383;0.800000;
Histogram(Depth);4124;14246;714;284;0.935572;0.047727;0.852418;0.935572;0.892061;0.132641;1.000000;
Histogram(Depth);4198;14098;862;210;0.952359;0.057620;0.829644;0.952359;0.886777;0.132177;1.200000;
Histogram(Depth);4250;13936;1024;158;0.964156;0.068449;0.805840;0.964156;0.877918;0.131660;1.400000;
Histogram(Depth);4292;13798;1162;116;0.973684;0.077674;0.786945;0.973684;0.870412;0.132125;1.600000;
Histogram(Depth);4318;13658;1302;90;0.979583;0.087032;0.768327;0.979583;0.861189;0.131299;1.800000;
Histogram(Depth);4338;13514;1446;70;0.984120;0.096658;0.750000;0.984120;0.851256;0.132074;2.000000;
Histogram(Depth);4348;13362;1598;60;0.986388;0.106818;0.731248;0.986388;0.839869;0.131970;2.200000;
Histogram(Depth);4356;13226;1734;52;0.988203;0.115909;0.715271;0.988203;0.829872;0.131712;2.400000;
Histogram(Depth);4370;13084;1876;38;0.991379;0.125401;0.699648;0.991379;0.820349;0.130938;2.600000;
Histogram(Depth);4382;12970;1990;26;0.994102;0.133021;0.687696;0.994102;0.812987;0.132796;2.800000;
Histogram(Depth);4386;12834;2126;22;0.995009;0.142112;0.673526;0.995009;0.803297;0.133468;3.000000;
Histogram(Depth);4388;12714;2246;20;0.995463;0.150134;0.661441;0.995463;0.794784;0.131660;3.200000;
Histogram(Depth);4392;12600;2360;16;0.996370;0.157754;0.650474;0.996370;0.787097;0.131402;3.400000;
Histogram(Depth);4392;12480;2480;16;0.996370;0.165775;0.639115;0.996370;0.778723;0.132177;3.600000;
Histogram(Depth);4392;12378;2582;16;0.996370;0.172594;0.629768;0.996370;0.771745;0.133364;3.800000;
Histogram(Depth);4392;12252;2708;16;0.996370;0.181016;0.618592;0.996370;0.763295;0.131557;4.000000;
Histogram(Depth);4394;12142;2818;14;0.996824;0.188369;0.609262;0.996824;0.756282;0.131764;4.200000;
Histogram(Depth);4398;12038;2922;10;0.997731;0.195321;0.600820;0.997731;0.750000;0.131402;4.400000;
Histogram(Depth);4398;11916;3044;10;0.997731;0.203476;0.590970;0.997731;0.742278;0.131970;4.600000;
Histogram(Depth);4398;11788;3172;10;0.997731;0.212032;0.580978;0.997731;0.734346;0.132487;4.800000;
Histogram(Depth);4398;11670;3290;10;0.997731;0.219920;0.572060;0.997731;0.727183;0.131299;5.000000;
Histogram(Depth);4400;11554;3406;8;0.998185;0.227674;0.563669;0.998185;0.720485;0.131660;5.200000;
Histogram(Depth);4400;11458;3502;8;0.998185;0.234091;0.556821;0.998185;0.714866;0.131970;5.400000;
Histogram(Depth);4402;11348;3612;6;0.998639;0.241444;0.549289;0.998639;0.708743;0.132022;5.600000;
Histogram(Depth);4404;11258;3702;4;0.999093;0.247460;0.543301;0.999093;0.703852;0.131867;5.800000;
Histogram(Depth);4404;11146;3814;4;0.999093;0.254947;0.535897;0.999093;0.697608;0.131299;6.000000;
Histogram(Depth);4406;11046;3914;2;0.999546;0.261631;0.529567;0.999546;0.692332;0.132538;6.200000;
Histogram(Depth);4406;10890;4070;2;0.999546;0.272059;0.519821;0.999546;0.683949;0.131764;6.400000;
Histogram(Depth);4406;10748;4212;2;0.999546;0.281551;0.511256;0.999546;0.676493;0.131764;6.600000;
Histogram(Depth);4406;10592;4368;2;0.999546;0.291979;0.502165;0.999546;0.668487;0.131764;6.800000;
Histogram(Depth);4406;10426;4534;2;0.999546;0.303075;0.492841;0.999546;0.660174;0.130989;7.000000;
Histogram(Depth);4406;10222;4738;2;0.999546;0.316711;0.481846;0.999546;0.650236;0.132074;7.200000;
Histogram(Depth);4406;9946;5014;2;0.999546;0.335160;0.467728;0.999546;0.637258;0.130834;7.400000;
Histogram(Depth);4406;9640;5320;2;0.999546;0.355615;0.453013;0.999546;0.623461;0.131557;7.600000;
Histogram(Depth);4406;9282;5678;2;0.999546;0.379545;0.436930;0.999546;0.608060;0.130989;7.800000;
Histogram(Depth);4406;8936;6024;2;0.999546;0.402674;0.422435;0.999546;0.593881;0.131867;8.000000;
Histogram(Depth);4406;8524;6436;2;0.999546;0.430214;0.406383;0.999546;0.577836;0.132383;8.200000;
Histogram(Depth);4406;8102;6858;2;0.999546;0.458422;0.391158;0.999546;0.562277;0.132693;8.400000;
Histogram(Depth);4406;7694;7266;2;0.999546;0.485695;0.377485;0.999546;0.548010;0.131970;8.600000;
Histogram(Depth);4406;7218;7742;2;0.999546;0.517513;0.362693;0.999546;0.532254;0.130886;8.800000;
Histogram(Depth);4408;6660;8300;0;1.000000;0.554813;0.346868;1.000000;0.515074;0.132332;9.000000;
Histogram(Depth);4408;6100;8860;0;1.000000;0.592246;0.332228;1.000000;0.498755;0.131299;9.200000;
Histogram(Depth);4408;5516;9444;0;1.000000;0.631283;0.318221;1.000000;0.482804;0.131506;9.400000;
Histogram(Depth);4408;4990;9970;0;1.000000;0.666444;0.306579;1.000000;0.469286;0.132641;9.600000;
Histogram(Depth);4408;4450;10510;0;1.000000;0.702540;0.295482;1.000000;0.456173;0.132177;9.800000;
