Name;Score;ImageNumber;X;Y;Width;Height
GoodFts(RGB);4.650713;0;608;287;32;64
GoodFts(RGB);4.263913;8;0;112;32;64
GoodFts(RGB);0.599998;4348;1104;216;32;64
GoodFts(RGB);0.599991;7384;720;296;32;64
GoodFts(RGB);0.599990;1904;888;304;32;64
GoodFts(RGB);0.599988;7380;504;232;32;64
GoodFts(RGB);0.599988;6796;88;240;32;64
GoodFts(RGB);0.599987;7384;152;296;32;64
GoodFts(RGB);0.599985;4116;624;127;32;64
GoodFts(RGB);0.599980;3804;1184;272;32;64
GoodFts(RGB);0.599980;7112;8;112;32;64
GoodFts(RGB);0.599980;5828;1056;112;32;64
GoodFts(RGB);0.599976;2108;184;287;32;64
GoodFts(RGB);0.599975;692;560;304;32;64
GoodFts(RGB);0.599969;7408;104;303;32;64
GoodFts(RGB);0.599956;6900;608;224;32;64
GoodFts(RGB);0.599944;648;48;288;32;64
GoodFts(RGB);0.599943;856;1104;120;32;64
GoodFts(RGB);0.599938;2184;728;164;104;208
GoodFts(RGB);0.599932;1312;780;268;48;96
GoodFts(RGB);0.599926;4572;1068;136;48;96
GoodFts(RGB);0.599920;4696;936;135;32;64
GoodFts(RGB);0.599919;6808;612;268;48;96
GoodFts(RGB);0.599917;3020;1136;272;32;64
GoodFts(RGB);0.599917;4316;568;248;32;64
GoodFts(RGB);0.599916;3064;200;296;32;64
GoodFts(RGB);0.599908;1380;1100;192;80;160
GoodFts(RGB);0.599905;1776;544;304;32;64
GoodFts(RGB);0.599903;4632;528;280;32;64
GoodFts(RGB);0.599901;3528;488;296;32;64
GoodFts(RGB);0.599899;544;48;152;32;64
GoodFts(RGB);0.599896;6852;1032;288;32;64
GoodFts(RGB);0.599896;5700;464;296;32;64
GoodFts(RGB);0.599893;3108;1048;288;32;64
GoodFts(RGB);0.599889;1040;392;280;32;64
GoodFts(RGB);0.599888;5604;120;256;48;96
GoodFts(RGB);0.599887;368;240;127;32;64
GoodFts(RGB);0.599882;7448;152;279;32;64
GoodFts(RGB);0.599881;2540;1072;240;32;64
GoodFts(RGB);0.599881;4176;584;216;32;64
GoodFts(RGB);0.599880;1196;1048;304;32;64
GoodFts(RGB);0.599879;2952;232;143;32;64
GoodFts(RGB);0.599878;6180;1096;272;32;64
GoodFts(RGB);0.599876;5660;1048;248;32;64
GoodFts(RGB);0.599874;1576;1136;192;32;64
GoodFts(RGB);0.599873;6760;776;304;32;64
GoodFts(RGB);0.599868;5864;816;296;32;64
GoodFts(RGB);0.599866;6760;576;304;32;64
GoodFts(RGB);0.599859;2312;584;272;32;64
GoodFts(RGB);0.599855;1444;1072;167;32;64
GoodFts(RGB);0.599849;2540;912;240;64;128
GoodFts(RGB);0.599845;6704;1208;256;32;64
GoodFts(RGB);0.599839;648;1136;224;32;64
GoodFts(RGB);0.599816;1720;416;240;32;64
GoodFts(RGB);0.599812;3064;1152;304;32;64
GoodFts(RGB);0.599811;1572;568;256;32;64
GoodFts(RGB);0.599808;3308;1160;264;32;64
GoodFts(RGB);0.599799;2572;1184;184;32;64
GoodFts(RGB);0.599791;736;856;128;32;64
GoodFts(RGB);0.599788;2540;1024;112;128;256
GoodFts(RGB);0.599786;3020;36;136;48;96
GoodFts(RGB);0.599781;1892;568;232;32;64
GoodFts(RGB);0.599772;6016;608;208;32;64
GoodFts(RGB);0.599766;860;372;232;48;96
GoodFts(RGB);0.599760;2752;1104;304;32;64
GoodFts(RGB);0.599752;360;928;280;32;64
GoodFts(RGB);0.599749;1576;1080;208;48;96
GoodFts(RGB);0.599748;4024;488;272;32;64
GoodFts(RGB);0.599747;1080;560;232;32;64
GoodFts(RGB);0.599745;184;296;304;32;64
GoodFts(RGB);0.599741;3804;136;256;32;64
GoodFts(RGB);0.599741;860;600;272;32;64
GoodFts(RGB);0.599737;5536;432;240;32;64
GoodFts(RGB);0.599734;3348;1176;248;32;64
GoodFts(RGB);0.599733;604;856;303;32;64
GoodFts(RGB);0.599718;2036;688;296;32;64
GoodFts(RGB);0.599705;2504;376;120;32;64
GoodFts(RGB);0.599702;3216;1160;304;32;64
GoodFts(RGB);0.599700;860;816;296;32;64
GoodFts(RGB);0.599697;1616;968;152;32;64
GoodFts(RGB);0.599691;2312;728;280;32;64
GoodFts(RGB);0.599670;1964;752;280;32;64
GoodFts(RGB);0.599667;5744;48;271;32;64
GoodFts(RGB);0.599666;6776;688;248;32;64
GoodFts(RGB);0.599664;184;432;216;32;64
GoodFts(RGB);0.599663;5004;636;256;48;96
GoodFts(RGB);0.599662;6400;832;280;32;64
GoodFts(RGB);0.599662;5472;8;120;32;64
GoodFts(RGB);0.599661;1720;696;280;32;64
GoodFts(RGB);0.599656;5832;488;272;32;64
GoodFts(RGB);0.599645;3220;952;304;32;64
GoodFts(RGB);0.599640;1488;516;256;48;96
GoodFts(RGB);0.599637;1964;0;112;48;96
GoodFts(RGB);0.599630;6864;152;248;32;64
GoodFts(RGB);0.599628;5828;960;256;32;64
GoodFts(RGB);0.599625;4164;1144;264;32;64
GoodFts(RGB);0.599624;2504;64;272;32;64
GoodFts(RGB);0.599622;4756;852;160;48;96
GoodFts(RGB);0.599618;6704;400;304;32;64
GoodFts(RGB);0.599613;6972;328;288;32;64
GoodFts(RGB);0.599612;1488;468;268;48;96
GoodFts(RGB);0.599611;1552;552;216;32;64
GoodFts(RGB);0.599606;5828;72;112;48;96
GoodFts(RGB);0.599605;744;1104;111;32;64
GoodFts(RGB);0.599604;732;72;128;32;64
GoodFts(RGB);0.599590;1244;1032;168;32;64
GoodFts(RGB);0.599589;4444;608;304;32;64
GoodFts(RGB);0.599585;7320;256;119;32;64
GoodFts(RGB);0.599582;900;704;272;32;64
GoodFts(RGB);0.599580;3488;784;136;32;64
GoodFts(RGB);0.599572;3528;1176;144;32;64
GoodFts(RGB);0.599568;4288;88;264;32;64
GoodFts(RGB);0.599564;1180;104;304;32;64
GoodFts(RGB);0.599555;3280;1160;152;32;64
GoodFts(RGB);0.599546;4740;568;272;32;64
GoodFts(RGB);0.599542;1312;808;136;32;64
GoodFts(RGB);0.599540;860;400;240;64;128
GoodFts(RGB);0.599539;1768;360;264;32;64
GoodFts(RGB);0.599537;4352;24;176;32;64
GoodFts(RGB);0.599533;6776;48;240;32;64
GoodFts(RGB);0.599527;5572;720;304;32;64
GoodFts(RGB);0.599527;4632;968;152;32;64
GoodFts(RGB);0.599521;2144;840;111;32;64
GoodFts(RGB);0.599512;5284;992;200;32;64
GoodFts(RGB);0.599511;6344;736;160;32;64
GoodFts(RGB);0.599505;6808;232;304;32;64
GoodFts(RGB);0.599505;1040;156;160;48;96
GoodFts(RGB);0.599501;648;1200;200;32;64
GoodFts(RGB);0.599497;964;144;128;32;64
GoodFts(RGB);0.599494;6016;0;280;32;64
GoodFts(RGB);0.599492;3600;520;288;32;64
GoodFts(RGB);0.599488;5708;64;248;32;64
GoodFts(RGB);0.599481;2192;1044;196;48;96
GoodFts(RGB);0.599481;5700;568;296;32;64
GoodFts(RGB);0.599475;3516;248;176;32;64
GoodFts(RGB);0.599475;1016;880;296;32;64
GoodFts(RGB);0.599466;3488;784;304;32;64
GoodFts(RGB);0.599460;5252;944;240;32;64
GoodFts(RGB);0.599459;2532;528;304;32;64
GoodFts(RGB);0.599448;3216;688;256;32;64
GoodFts(RGB);0.599448;7088;96;200;32;64
GoodFts(RGB);0.599447;2752;936;112;32;64
GoodFts(RGB);0.599446;1712;208;216;32;64
GoodFts(RGB);0.599437;4944;40;263;32;64
GoodFts(RGB);0.599431;7320;232;303;32;64
GoodFts(RGB);0.599429;2504;456;280;32;64
GoodFts(RGB);0.599418;2052;920;120;32;64
GoodFts(RGB);0.599417;7400;1056;296;32;64
GoodFts(RGB);0.599416;368;848;111;32;64
GoodFts(RGB);0.599411;436;184;128;32;64
GoodFts(RGB);0.599408;2604;1016;256;32;64
GoodFts(RGB);0.599402;5004;696;240;32;64
GoodFts(RGB);0.599399;1828;1120;296;32;64
GoodFts(RGB);0.599392;7272;80;263;32;64
GoodFts(RGB);0.599391;5008;440;240;32;64
GoodFts(RGB);0.599377;1832;432;296;32;64
GoodFts(RGB);0.599369;2572;1072;288;32;64
GoodFts(RGB);0.599368;6776;792;148;48;96
GoodFts(RGB);0.599365;696;360;216;32;64
GoodFts(RGB);0.599360;4316;680;272;32;64
GoodFts(RGB);0.599356;468;992;304;32;64
GoodFts(RGB);0.599355;5892;920;304;32;64
GoodFts(RGB);0.599353;6112;416;240;32;64
GoodFts(RGB);0.599344;2416;336;296;32;64
GoodFts(RGB);0.599340;1696;144;224;32;64
GoodFts(RGB);0.599338;2972;776;256;32;64
GoodFts(RGB);0.599336;736;1024;216;32;64
GoodFts(RGB);0.599334;3116;608;288;32;64
GoodFts(RGB);0.599328;4132;848;296;32;64
GoodFts(RGB);0.599326;2372;48;160;32;64
GoodFts(RGB);0.599326;1828;496;216;32;64
GoodFts(RGB);0.599323;424;944;184;32;64
GoodFts(RGB);0.599320;5828;1008;256;32;64
GoodFts(RGB);0.599319;6704;420;256;48;96
GoodFts(RGB);0.599306;2572;1104;136;48;96
GoodFts(RGB);0.599305;7368;1168;296;32;64
GoodFts(RGB);0.599305;5700;1184;280;32;64
GoodFts(RGB);0.599287;5004;808;224;32;64
GoodFts(RGB);0.599284;5748;328;296;32;64
GoodFts(RGB);0.599282;1412;592;272;32;64
GoodFts(RGB);0.599274;6268;944;160;32;64
GoodFts(RGB);0.599271;6268;664;248;32;64
GoodFts(RGB);0.599269;824;960;256;32;64
GoodFts(RGB);0.599269;1616;528;240;64;128
GoodFts(RGB);0.599262;900;768;208;48;96
GoodFts(RGB);0.599260;860;564;244;48;96
GoodFts(RGB);0.599259;5820;392;280;32;64
GoodFts(RGB);0.599257;5660;536;248;32;64
GoodFts(RGB);0.599255;5828;952;152;32;64
GoodFts(RGB);0.599254;7060;1184;256;32;64
GoodFts(RGB);0.599254;4028;968;152;32;64
GoodFts(RGB);0.599253;928;784;247;32;64
GoodFts(RGB);0.599253;3280;936;256;48;96
GoodFts(RGB);0.599248;7152;56;208;32;64
GoodFts(RGB);0.599241;1312;420;268;48;96
GoodFts(RGB);0.599239;6808;1200;248;32;64
GoodFts(RGB);0.599226;4164;320;296;32;64
GoodFts(RGB);0.599222;648;248;296;32;64
GoodFts(RGB);0.599221;2604;1168;160;64;128
GoodFts(RGB);0.599209;692;1088;192;32;64
GoodFts(RGB);0.599198;7088;1208;160;32;64
GoodFts(RGB);0.599191;6852;888;168;32;64
GoodFts(RGB);0.599187;6112;856;200;32;64
GoodFts(RGB);0.599185;4688;112;304;32;64
GoodFts(RGB);0.599185;1832;8;128;32;64
GoodFts(RGB);0.599184;3220;368;232;32;64
GoodFts(RGB);0.599181;1080;1120;184;32;64
GoodFts(RGB);0.599177;4320;1056;256;32;64
GoodFts(RGB);0.599176;292;968;232;32;64
GoodFts(RGB);0.599175;1828;976;176;32;64
GoodFts(RGB);0.599173;6828;504;240;32;64
GoodFts(RGB);0.599171;3220;420;232;48;96
GoodFts(RGB);0.599170;1628;264;256;32;64
GoodFts(RGB);0.599169;5284;984;208;32;64
GoodFts(RGB);0.599164;5404;552;224;32;64
GoodFts(RGB);0.599164;5252;168;288;32;64
GoodFts(RGB);0.599164;4316;1088;216;32;64
GoodFts(RGB);0.599163;3020;1088;272;32;64
GoodFts(RGB);0.599158;2372;800;296;32;64
GoodFts(RGB);0.599156;2436;656;288;32;64
GoodFts(RGB);0.599150;6796;208;264;32;64
GoodFts(RGB);0.599149;5472;552;304;32;64
GoodFts(RGB);0.599143;928;8;191;32;64
GoodFts(RGB);0.599137;6892;208;127;32;64
GoodFts(RGB);0.599134;2324;40;231;32;64
GoodFts(RGB);0.599132;964;1152;288;32;64
GoodFts(RGB);0.599122;1828;328;240;32;64
GoodFts(RGB);0.599117;7384;440;264;32;64
GoodFts(RGB);0.599100;7352;384;280;32;64
GoodFts(RGB);0.599090;1964;1188;136;48;96
GoodFts(RGB);0.599081;5388;632;288;32;64
GoodFts(RGB);0.599074;824;976;136;32;64
GoodFts(RGB);0.599074;4824;304;248;32;64
GoodFts(RGB);0.599073;4632;112;216;32;64
GoodFts(RGB);0.599067;844;312;268;48;96
GoodFts(RGB);0.599066;1244;1160;112;80;160
GoodFts(RGB);0.599060;1572;1080;224;32;64
GoodFts(RGB);0.599055;6044;496;304;32;64
GoodFts(RGB);0.599054;6828;632;224;32;64
GoodFts(RGB);0.599048;728;16;248;32;64
GoodFts(RGB);0.599047;5828;776;160;32;64
GoodFts(RGB);0.599046;2752;296;288;32;64
GoodFts(RGB);0.599045;492;1176;112;48;96
GoodFts(RGB);0.599044;4916;992;240;64;128
GoodFts(RGB);0.599044;532;32;303;32;64
GoodFts(RGB);0.599043;7388;1200;120;32;64
GoodFts(RGB);0.599043;4572;1128;264;32;64
GoodFts(RGB);0.599039;728;720;280;32;64
GoodFts(RGB);0.599038;6016;184;128;32;64
GoodFts(RGB);0.599036;3204;760;232;32;64
GoodFts(RGB);0.599034;6112;672;304;32;64
GoodFts(RGB);0.599033;4780;1136;135;32;64
GoodFts(RGB);0.599033;1664;720;224;32;64
GoodFts(RGB);0.599031;4164;560;200;32;64
GoodFts(RGB);0.599027;844;120;288;32;64
GoodFts(RGB);0.599026;1084;1208;224;32;64
GoodFts(RGB);0.599021;7368;96;224;32;64
GoodFts(RGB);0.599015;3924;424;184;32;64
GoodFts(RGB);0.599003;292;224;288;32;64
GoodFts(RGB);0.598997;468;1176;216;32;64
GoodFts(RGB);0.598992;1040;432;296;32;64
GoodFts(RGB);0.598987;7224;544;304;32;64
GoodFts(RGB);0.598986;4564;928;135;32;64
GoodFts(RGB);0.598985;2808;780;136;48;96
GoodFts(RGB);0.598983;3852;960;192;32;64
GoodFts(RGB);0.598980;1312;1056;112;64;128
GoodFts(RGB);0.598967;7088;216;200;32;64
GoodFts(RGB);0.598963;5252;704;288;32;64
GoodFts(RGB);0.598961;3244;1024;296;32;64
GoodFts(RGB);0.598960;5680;1184;120;32;64
GoodFts(RGB);0.598954;2416;1208;296;32;64
GoodFts(RGB);0.598953;4024;688;232;32;64
GoodFts(RGB);0.598953;1832;996;268;48;96
GoodFts(RGB);0.598952;2752;808;224;32;64
GoodFts(RGB);0.598951;5252;1104;196;48;96
GoodFts(RGB);0.598942;1712;16;272;32;64
GoodFts(RGB);0.598937;6808;240;288;32;64
GoodFts(RGB);0.598931;7368;660;220;48;96
GoodFts(RGB);0.598927;4756;512;240;64;128
GoodFts(RGB);0.598923;6972;464;272;32;64
GoodFts(RGB);0.598918;696;584;272;32;64
GoodFts(RGB);0.598916;1324;1080;136;48;96
GoodFts(RGB);0.598912;2732;928;208;32;64
GoodFts(RGB);0.598911;2312;96;288;32;64
GoodFts(RGB);0.598903;340;672;112;32;64
GoodFts(RGB);0.598900;4844;768;303;32;64
GoodFts(RGB);0.598893;1828;896;264;32;64
GoodFts(RGB);0.598892;7304;224;256;32;64
GoodFts(RGB);0.598891;4028;104;304;32;64
GoodFts(RGB);0.598885;648;200;240;32;64
GoodFts(RGB);0.598881;424;712;288;32;64
GoodFts(RGB);0.598880;5472;1112;128;32;64
GoodFts(RGB);0.598876;1680;1168;152;32;64
GoodFts(RGB);0.598874;3792;592;256;32;64
GoodFts(RGB);0.598871;732;360;304;32;64
GoodFts(RGB);0.598866;2752;1016;160;32;64
GoodFts(RGB);0.598864;3516;240;136;32;64
GoodFts(RGB);0.598861;2324;432;127;32;64
GoodFts(RGB);0.598857;2460;648;296;32;64
GoodFts(RGB);0.598851;4080;248;240;32;64
GoodFts(RGB);0.598837;6652;96;303;32;64
GoodFts(RGB);0.598834;6164;104;287;32;64
GoodFts(RGB);0.598833;6224;32;264;32;64
GoodFts(RGB);0.598828;7400;784;280;32;64
GoodFts(RGB);0.598825;900;876;112;48;96
GoodFts(RGB);0.598815;4924;792;215;32;64
GoodFts(RGB);0.598815;4740;624;256;32;64
GoodFts(RGB);0.598814;5404;648;280;32;64
GoodFts(RGB);0.598809;1552;144;264;32;64
GoodFts(RGB);0.598805;696;368;296;32;64
GoodFts(RGB);0.598800;4024;104;304;32;64
GoodFts(RGB);0.598786;1892;656;256;32;64
GoodFts(RGB);0.598786;6016;232;112;32;64
GoodFts(RGB);0.598782;5744;112;295;32;64
GoodFts(RGB);0.598781;6044;1208;120;32;64
GoodFts(RGB);0.598775;1412;128;128;64;128
GoodFts(RGB);0.598765;6268;1200;232;32;64
GoodFts(RGB);0.598763;4184;464;304;32;64
GoodFts(RGB);0.598759;532;88;303;32;64
GoodFts(RGB);0.598758;5276;1104;224;32;64
GoodFts(RGB);0.598752;436;888;296;32;64
GoodFts(RGB);0.598748;1244;516;196;48;96
GoodFts(RGB);0.598747;1272;432;135;32;64
GoodFts(RGB);0.598744;6892;904;119;32;64
GoodFts(RGB);0.598735;2604;912;144;32;64
GoodFts(RGB);0.598734;2012;424;304;32;64
GoodFts(RGB);0.598731;7368;1064;136;32;64
GoodFts(RGB);0.598730;1412;608;240;32;64
GoodFts(RGB);0.598730;1552;1152;304;32;64
GoodFts(RGB);0.598729;1768;900;268;48;96
GoodFts(RGB);0.598729;728;56;136;32;64
GoodFts(RGB);0.598719;4176;1064;200;32;64
GoodFts(RGB);0.598717;5680;40;304;32;64
GoodFts(RGB);0.598711;4036;352;248;32;64
GoodFts(RGB);0.598710;1884;1144;168;32;64
GoodFts(RGB);0.598708;2460;728;280;32;64
GoodFts(RGB);0.598707;3056;636;256;48;96
GoodFts(RGB);0.598701;1628;1192;120;32;64
GoodFts(RGB);0.598700;1892;400;272;32;64
GoodFts(RGB);0.598700;6972;528;280;32;64
GoodFts(RGB);0.598697;1892;544;272;32;64
GoodFts(RGB);0.598697;6796;288;264;32;64
GoodFts(RGB);0.598693;7448;64;191;32;64
GoodFts(RGB);0.598693;2972;744;264;32;64
GoodFts(RGB);0.598685;6808;1192;296;32;64
GoodFts(RGB);0.598679;2036;112;136;32;64
GoodFts(RGB);0.598679;6472;296;271;32;64
GoodFts(RGB);0.598674;7448;1064;119;32;64
GoodFts(RGB);0.598671;6344;1064;296;32;64
GoodFts(RGB);0.598664;184;200;200;32;64
GoodFts(RGB);0.598659;3220;336;264;32;64
GoodFts(RGB);0.598658;1244;936;168;32;64
GoodFts(RGB);0.598652;3220;1160;296;32;64
GoodFts(RGB);0.598645;4756;904;240;32;64
GoodFts(RGB);0.598643;696;912;224;64;128
GoodFts(RGB);0.598641;492;760;304;32;64
GoodFts(RGB);0.598634;7384;496;304;32;64
GoodFts(RGB);0.598634;2572;536;296;32;64
GoodFts(RGB);0.598631;2068;276;136;48;96
GoodFts(RGB);0.598630;5604;296;304;32;64
GoodFts(RGB);0.598629;932;184;280;32;64
GoodFts(RGB);0.598628;1616;592;176;32;64
GoodFts(RGB);0.598628;6892;1032;151;32;64
GoodFts(RGB);0.598626;5832;952;192;32;64
GoodFts(RGB);0.598625;1240;496;272;32;64
GoodFts(RGB);0.598622;1380;1008;120;32;64
GoodFts(RGB);0.598620;360;592;256;32;64
GoodFts(RGB);0.598617;4308;56;303;32;64
GoodFts(RGB);0.598616;1084;324;268;48;96
GoodFts(RGB);0.598616;7044;904;248;32;64
GoodFts(RGB);0.598611;4824;592;296;32;64
GoodFts(RGB);0.598603;6268;1144;128;32;64
GoodFts(RGB);0.598603;3488;944;184;32;64
GoodFts(RGB);0.598601;1664;520;240;32;64
GoodFts(RGB);0.598601;6796;64;160;32;64
GoodFts(RGB);0.598594;860;1188;196;48;96
GoodFts(RGB);0.598594;5004;972;160;48;96
GoodFts(RGB);0.598594;7412;1008;168;32;64
GoodFts(RGB);0.598589;1312;944;224;32;64
GoodFts(RGB);0.598589;5572;472;288;32;64
GoodFts(RGB);0.598587;2372;392;240;32;64
GoodFts(RGB);0.598587;6860;1096;216;32;64
GoodFts(RGB);0.598584;7060;672;256;32;64
GoodFts(RGB);0.598581;5864;536;256;32;64
GoodFts(RGB);0.598580;7448;896;111;64;128
GoodFts(RGB);0.598571;2144;1120;111;32;64
GoodFts(RGB);0.598570;7448;352;231;32;64
GoodFts(RGB);0.598569;7384;536;248;32;64
GoodFts(RGB);0.598559;5536;200;296;32;64
GoodFts(RGB);0.598552;1664;1008;112;32;64
GoodFts(RGB);0.598536;7380;1096;184;32;64
GoodFts(RGB);0.598529;2108;1080;175;32;64
GoodFts(RGB);0.598528;3024;648;295;32;64
GoodFts(RGB);0.598527;2540;1032;144;32;64
GoodFts(RGB);0.598517;1856;1092;164;104;208
GoodFts(RGB);0.598504;5472;488;232;32;64
GoodFts(RGB);0.598488;1224;1016;136;32;64
GoodFts(RGB);0.598480;4916;884;138;104;208
GoodFts(RGB);0.598479;2972;728;264;32;64
GoodFts(RGB);0.598476;2572;1056;264;32;64
GoodFts(RGB);0.598474;3220;1080;304;32;64
GoodFts(RGB);0.598472;4688;936;172;48;96
GoodFts(RGB);0.598459;6628;588;268;48;96
GoodFts(RGB);0.598453;368;304;127;32;64
GoodFts(RGB);0.598447;2052;704;296;32;64
GoodFts(RGB);0.598446;7436;1152;110;48;96
GoodFts(RGB);0.598442;1504;544;288;32;64
GoodFts(RGB);0.598439;1664;384;248;32;64
GoodFts(RGB);0.598436;1792;976;240;32;64
GoodFts(RGB);0.598433;900;944;128;32;64
GoodFts(RGB);0.598432;1412;520;256;32;64
GoodFts(RGB);0.598430;7304;336;248;32;64
GoodFts(RGB);0.598426;3064;184;264;32;64
GoodFts(RGB);0.598421;5832;420;268;48;96
GoodFts(RGB);0.598419;2572;960;112;128;256
GoodFts(RGB);0.598415;3244;24;296;32;64
GoodFts(RGB);0.598410;2880;1040;264;32;64
GoodFts(RGB);0.598409;5700;608;296;32;64
GoodFts(RGB);0.598408;1300;1048;207;32;64
GoodFts(RGB);0.598400;6860;24;112;32;64
GoodFts(RGB);0.598393;5864;120;112;32;64
GoodFts(RGB);0.598389;4572;488;296;32;64
GoodFts(RGB);0.598384;5044;656;304;32;64
GoodFts(RGB);0.598369;696;1016;304;32;64
GoodFts(RGB);0.598360;7408;176;287;32;64
GoodFts(RGB);0.598359;2628;344;296;32;64
GoodFts(RGB);0.598356;3216;824;296;32;64
GoodFts(RGB);0.598354;220;888;248;32;64
GoodFts(RGB);0.598351;6224;48;152;32;64
GoodFts(RGB);0.598351;1856;160;160;32;64
GoodFts(RGB);0.598349;4176;72;192;32;64
GoodFts(RGB);0.598344;5252;544;256;32;64
GoodFts(RGB);0.598343;1240;1056;268;48;96
GoodFts(RGB);0.598343;964;560;264;32;64
GoodFts(RGB);0.598343;4176;712;288;32;64
GoodFts(RGB);0.598332;4944;864;135;32;64
GoodFts(RGB);0.598331;6472;928;151;32;64
GoodFts(RGB);0.598329;1768;1160;264;32;64
GoodFts(RGB);0.598322;4176;1000;208;32;64
GoodFts(RGB);0.598320;288;984;143;32;64
GoodFts(RGB);0.598315;4316;1080;144;32;64
GoodFts(RGB);0.598313;5936;1072;248;32;64
GoodFts(RGB);0.598309;1680;336;140;112;224
GoodFts(RGB);0.598298;468;24;296;32;64
GoodFts(RGB);0.598297;4688;824;248;32;64
GoodFts(RGB);0.598295;3852;324;136;48;96
GoodFts(RGB);0.598293;3020;472;296;32;64
GoodFts(RGB);0.598290;5604;48;304;32;64
GoodFts(RGB);0.598288;2192;560;304;32;64
GoodFts(RGB);0.598286;2996;36;196;48;96
GoodFts(RGB);0.598283;6828;1020;136;48;96
GoodFts(RGB);0.598278;3024;1032;167;32;64
GoodFts(RGB);0.598274;4324;936;240;32;64
GoodFts(RGB);0.598272;4288;1168;176;32;64
GoodFts(RGB);0.598267;2788;232;216;32;64
GoodFts(RGB);0.598258;4164;1144;128;32;64
GoodFts(RGB);0.598256;7320;1112;127;32;64
GoodFts(RGB);0.598253;6344;968;120;32;64
GoodFts(RGB);0.598245;964;224;224;32;64
GoodFts(RGB);0.598240;7152;688;304;32;64
GoodFts(RGB);0.598234;2184;192;304;32;64
GoodFts(RGB);0.598228;492;1160;152;80;160
GoodFts(RGB);0.598228;76;664;304;32;64
GoodFts(RGB);0.598223;1832;208;232;32;64
GoodFts(RGB);0.598222;1828;856;176;32;64
GoodFts(RGB);0.598218;7008;864;288;32;64
GoodFts(RGB);0.598215;288;1112;167;32;64
GoodFts(RGB);0.598215;5680;996;148;48;96
GoodFts(RGB);0.598212;5472;1128;136;32;64
GoodFts(RGB);0.598206;2036;80;280;32;64
GoodFts(RGB);0.598204;5004;384;272;32;64
GoodFts(RGB);0.598204;5008;1200;176;32;64
GoodFts(RGB);0.598203;1576;952;176;32;64
GoodFts(RGB);0.598192;5044;496;280;32;64
GoodFts(RGB);0.598186;2628;336;216;32;64
GoodFts(RGB);0.598184;3024;1044;134;48;96
GoodFts(RGB);0.598181;2372;1128;280;32;64
GoodFts(RGB);0.598181;5724;264;119;32;64
GoodFts(RGB);0.598177;6852;320;176;64;128
GoodFts(RGB);0.598173;4916;304;288;32;64
GoodFts(RGB);0.598171;6180;1152;296;32;64
GoodFts(RGB);0.598168;2996;1184;128;32;64
GoodFts(RGB);0.598165;1084;456;288;32;64
GoodFts(RGB);0.598155;1768;680;264;32;64
GoodFts(RGB);0.598149;4988;392;280;32;64
GoodFts(RGB);0.598139;4348;832;224;32;64
GoodFts(RGB);0.598138;860;648;224;32;64
GoodFts(RGB);0.598134;5252;1072;304;32;64
GoodFts(RGB);0.598126;860;728;296;32;64
GoodFts(RGB);0.598124;5864;696;268;48;96
GoodFts(RGB);0.598117;1488;256;288;32;64
GoodFts(RGB);0.598112;2880;664;272;32;64
GoodFts(RGB);0.598110;2112;1080;168;32;64
GoodFts(RGB);0.598107;1084;136;304;32;64
GoodFts(RGB);0.598106;2024;1068;184;48;96
GoodFts(RGB);0.598102;2808;512;208;32;64
GoodFts(RGB);0.598100;784;152;263;32;64
GoodFts(RGB);0.598097;728;624;272;32;64
GoodFts(RGB);0.598095;5832;1048;280;32;64
GoodFts(RGB);0.598094;1292;312;296;32;64
GoodFts(RGB);0.598093;6344;936;144;32;64
GoodFts(RGB);0.598093;3924;968;120;32;64
GoodFts(RGB);0.598087;1832;176;112;32;64
GoodFts(RGB);0.598080;4696;200;263;32;64
GoodFts(RGB);0.598075;6948;584;296;32;64
GoodFts(RGB);0.598073;2460;336;304;32;64
GoodFts(RGB);0.598073;6900;520;304;32;64
GoodFts(RGB);0.598069;3056;288;272;32;64
GoodFts(RGB);0.598067;1488;560;288;32;64
GoodFts(RGB);0.598065;2012;808;208;32;64
GoodFts(RGB);0.598063;468;472;280;32;64
GoodFts(RGB);0.598062;7352;144;200;32;64
GoodFts(RGB);0.598039;3308;232;304;32;64
GoodFts(RGB);0.598036;544;976;288;32;64
GoodFts(RGB);0.598032;6224;120;192;32;64
GoodFts(RGB);0.598032;7380;760;272;32;64
GoodFts(RGB);0.598025;3488;680;304;32;64
GoodFts(RGB);0.598021;6316;992;128;32;64
GoodFts(RGB);0.598020;3116;624;304;32;64
GoodFts(RGB);0.598016;2192;1080;244;48;96
GoodFts(RGB);0.598016;2408;760;279;32;64
GoodFts(RGB);0.598007;2880;304;120;32;64
GoodFts(RGB);0.597999;3116;1128;280;32;64
GoodFts(RGB);0.597988;3528;560;248;32;64
GoodFts(RGB);0.597981;3204;516;148;48;96
GoodFts(RGB);0.597970;5404;464;280;32;64
GoodFts(RGB);0.597968;2572;1072;224;32;64
GoodFts(RGB);0.597967;920;1072;304;32;64
GoodFts(RGB);0.597962;6796;528;288;32;64
GoodFts(RGB);0.597959;736;960;176;32;64
GoodFts(RGB);0.597958;5124;160;255;32;64
GoodFts(RGB);0.597957;4632;1144;256;32;64
GoodFts(RGB);0.597956;4740;1068;268;48;96
GoodFts(RGB);0.597954;5832;904;144;32;64
GoodFts(RGB);0.597949;1572;0;256;32;64
GoodFts(RGB);0.597948;6628;368;304;32;64
GoodFts(RGB);0.597935;1680;348;136;48;96
GoodFts(RGB);0.597932;4080;400;232;32;64
GoodFts(RGB);0.597929;2372;632;264;32;64
GoodFts(RGB);0.597927;732;880;296;32;64
GoodFts(RGB);0.597924;7380;1088;128;32;64
GoodFts(RGB);0.597924;3164;1088;135;32;64
GoodFts(RGB);0.597920;6972;112;128;32;64
GoodFts(RGB);0.597916;692;1104;176;32;64
GoodFts(RGB);0.597914;5004;64;136;32;64
GoodFts(RGB);0.597912;2628;632;256;32;64
GoodFts(RGB);0.597909;3528;0;232;32;64
GoodFts(RGB);0.597903;736;1056;112;32;64
GoodFts(RGB);0.597900;4920;1120;184;32;64
GoodFts(RGB);0.597892;4164;1016;168;32;64
GoodFts(RGB);0.597890;1720;360;272;32;64
GoodFts(RGB);0.597886;5124;72;295;32;64
GoodFts(RGB);0.597871;4028;1088;280;32;64
GoodFts(RGB);0.597859;4696;560;303;32;64
GoodFts(RGB);0.597854;6948;624;248;32;64
GoodFts(RGB);0.597851;6344;1200;160;32;64
GoodFts(RGB);0.597846;492;1176;272;32;64
GoodFts(RGB);0.597844;4944;536;295;32;64
GoodFts(RGB);0.597844;1884;1160;136;32;64
GoodFts(RGB);0.597833;788;1128;112;32;64
GoodFts(RGB);0.597833;2532;1184;120;32;64
GoodFts(RGB);0.597827;6344;1064;128;32;64
GoodFts(RGB);0.597820;5004;1144;120;32;64
GoodFts(RGB);0.597816;6776;1168;216;32;64
GoodFts(RGB);0.597814;2752;88;216;32;64
GoodFts(RGB);0.597813;3488;1040;224;32;64
GoodFts(RGB);0.597811;5572;592;288;32;64
GoodFts(RGB);0.597811;5724;16;279;32;64
GoodFts(RGB);0.597808;3116;560;288;32;64
GoodFts(RGB);0.597805;1892;8;288;32;64
GoodFts(RGB);0.597804;7408;152;271;32;64
GoodFts(RGB);0.597803;1444;16;271;32;64
GoodFts(RGB);0.597799;4028;112;288;32;64
GoodFts(RGB);0.597799;1292;1020;212;80;160
GoodFts(RGB);0.597798;2628;768;288;32;64
GoodFts(RGB);0.597794;6948;1064;248;32;64
GoodFts(RGB);0.597792;6796;824;280;32;64
GoodFts(RGB);0.597791;2752;1056;280;32;64
GoodFts(RGB);0.597790;4308;1152;151;32;64
GoodFts(RGB);0.597788;3216;808;200;32;64
GoodFts(RGB);0.597782;1904;216;268;48;96
GoodFts(RGB);0.597781;1488;520;304;32;64
GoodFts(RGB);0.597774;1664;536;304;32;64
GoodFts(RGB);0.597773;5864;384;268;48;96
GoodFts(RGB);0.597759;2324;1144;111;32;64
GoodFts(RGB);0.597756;784;320;135;32;64
GoodFts(RGB);0.597749;7304;40;200;32;64
GoodFts(RGB);0.597747;2484;528;296;32;64
GoodFts(RGB);0.597746;6180;936;264;32;64
GoodFts(RGB);0.597734;736;1008;224;32;64
GoodFts(RGB);0.597730;1904;928;128;32;64
GoodFts(RGB);0.597723;1300;624;266;48;96
GoodFts(RGB);0.597713;6164;304;127;32;64
GoodFts(RGB);0.597709;2880;120;160;32;64
GoodFts(RGB);0.597709;2312;0;296;32;64
GoodFts(RGB);0.597705;3308;1160;296;32;64
GoodFts(RGB);0.597702;4352;584;208;32;64
GoodFts(RGB);0.597701;1084;496;304;32;64
GoodFts(RGB);0.597700;3924;48;240;32;64
GoodFts(RGB);0.597697;1628;656;240;64;128
GoodFts(RGB);0.597696;5700;976;136;32;64
GoodFts(RGB);0.597695;6112;1048;232;32;64
GoodFts(RGB);0.597690;6776;192;304;32;64
GoodFts(RGB);0.597690;6704;200;288;32;64
GoodFts(RGB);0.597681;1272;760;295;32;64
GoodFts(RGB);0.597676;4724;768;295;32;64
GoodFts(RGB);0.597667;4756;992;248;32;64
GoodFts(RGB);0.597663;4844;264;295;32;64
GoodFts(RGB);0.597659;5936;1136;120;32;64
GoodFts(RGB);0.597658;1240;1192;224;32;64
GoodFts(RGB);0.597653;4508;648;303;32;64
GoodFts(RGB);0.597651;4132;84;256;48;96
GoodFts(RGB);0.597634;1864;1088;199;32;64
GoodFts(RGB);0.597631;1712;984;168;32;64
GoodFts(RGB);0.597622;648;176;240;32;64
GoodFts(RGB);0.597620;1016;1008;200;32;64
GoodFts(RGB);0.597617;4756;944;184;32;64
GoodFts(RGB);0.597594;1488;816;264;32;64
GoodFts(RGB);0.597590;6852;488;304;32;64
GoodFts(RGB);0.597587;3528;1140;172;48;96
GoodFts(RGB);0.597578;1240;252;268;48;96
GoodFts(RGB);0.597575;7088;1144;192;32;64
GoodFts(RGB);0.597574;6224;1104;304;32;64
GoodFts(RGB);0.597571;648;1016;184;32;64
GoodFts(RGB);0.597562;1616;1088;176;32;64
GoodFts(RGB);0.597553;1712;24;216;32;64
GoodFts(RGB);0.597550;7188;1064;127;32;64
GoodFts(RGB);0.597549;4288;944;264;32;64
GoodFts(RGB);0.597523;3804;848;272;32;64
GoodFts(RGB);0.597523;4572;768;304;32;64
GoodFts(RGB);0.597522;2184;696;296;32;64
GoodFts(RGB);0.597519;1552;856;264;32;64
GoodFts(RGB);0.597516;6852;348;172;48;96
GoodFts(RGB);0.597513;5744;992;119;32;64
GoodFts(RGB);0.597512;3204;328;152;32;64
GoodFts(RGB);0.597506;5952;1110;112;120;240
GoodFts(RGB);0.597505;4824;1104;232;32;64
GoodFts(RGB);0.597501;5952;1188;172;48;96
GoodFts(RGB);0.597500;6268;688;224;32;64
GoodFts(RGB);0.597499;6776;1140;244;48;96
GoodFts(RGB);0.597493;2312;544;256;32;64
GoodFts(RGB);0.597490;5008;864;256;48;96
GoodFts(RGB);0.597490;4780;88;295;32;64
GoodFts(RGB);0.597490;3184;1152;152;32;64
GoodFts(RGB);0.597483;5044;480;256;32;64
GoodFts(RGB);0.597479;7060;1128;268;48;96
GoodFts(RGB);0.597479;7088;176;288;32;64
GoodFts(RGB);0.597478;7036;760;271;32;64
GoodFts(RGB);0.597472;3184;872;288;32;64
GoodFts(RGB);0.597449;1572;264;304;32;64
GoodFts(RGB);0.597448;4988;600;256;32;64
GoodFts(RGB);0.597447;1768;216;144;32;64
GoodFts(RGB);0.597446;6016;708;268;48;96
GoodFts(RGB);0.597439;3192;424;264;32;64
GoodFts(RGB);0.597438;6808;888;304;32;64
GoodFts(RGB);0.597436;1712;176;128;32;64
GoodFts(RGB);0.597434;6472;1016;263;32;64
GoodFts(RGB);0.597430;2504;672;216;32;64
GoodFts(RGB);0.597429;4564;1104;143;32;64
GoodFts(RGB);0.597423;340;1056;256;32;64
GoodFts(RGB);0.597423;1324;912;216;32;64
GoodFts(RGB);0.597419;2572;912;216;32;64
GoodFts(RGB);0.597417;2532;592;288;32;64
GoodFts(RGB);0.597416;1712;184;184;32;64
GoodFts(RGB);0.597409;2416;160;296;32;64
GoodFts(RGB);0.597400;5480;132;266;48;96
GoodFts(RGB);0.597387;6112;992;264;32;64
GoodFts(RGB);0.597387;1964;1104;120;32;64
GoodFts(RGB);0.597380;6180;952;304;32;64
GoodFts(RGB);0.597374;4968;672;304;32;64
GoodFts(RGB);0.597371;1552;584;264;32;64
GoodFts(RGB);0.597347;2312;800;280;32;64
GoodFts(RGB);0.597344;6180;320;296;32;64
GoodFts(RGB);0.597341;7044;272;280;32;64
GoodFts(RGB);0.597337;7408;248;303;32;64
GoodFts(RGB);0.597335;2860;416;143;32;64
GoodFts(RGB);0.597332;2732;584;280;32;64
GoodFts(RGB);0.597327;4564;240;239;32;64
GoodFts(RGB);0.597325;348;960;208;32;64
GoodFts(RGB);0.597322;4976;256;127;32;64
GoodFts(RGB);0.597318;6240;1120;159;32;64
GoodFts(RGB);0.597315;768;1128;144;32;64
GoodFts(RGB);0.597313;1680;512;232;32;64
GoodFts(RGB);0.597313;5388;936;152;32;64
GoodFts(RGB);0.597300;2192;1200;288;32;64
GoodFts(RGB);0.597292;4176;0;160;48;96
GoodFts(RGB);0.597290;4572;584;280;32;64
GoodFts(RGB);0.597287;1244;1168;144;32;64
GoodFts(RGB);0.597285;4756;1032;268;48;96
GoodFts(RGB);0.597278;5820;728;280;32;64
GoodFts(RGB);0.597277;5044;1168;144;32;64
GoodFts(RGB);0.597270;6852;512;264;32;64
GoodFts(RGB);0.597270;2068;1072;128;32;64
GoodFts(RGB);0.597264;5280;688;240;32;64
GoodFts(RGB);0.597261;2192;832;256;32;64
GoodFts(RGB);0.597255;768;768;304;32;64
GoodFts(RGB);0.597250;2192;32;192;32;64
GoodFts(RGB);0.597242;7188;64;287;32;64
GoodFts(RGB);0.597240;1412;1072;208;32;64
GoodFts(RGB);0.597239;4944;536;247;32;64
GoodFts(RGB);0.597237;4444;1208;144;32;64
GoodFts(RGB);0.597235;4224;680;296;32;64
GoodFts(RGB);0.597234;4632;1088;304;32;64
GoodFts(RGB);0.597232;360;600;304;32;64
GoodFts(RGB);0.597229;3184;704;240;32;64
GoodFts(RGB);0.597228;1272;944;135;32;64
GoodFts(RGB);0.597227;5680;976;296;32;64
GoodFts(RGB);0.597222;3184;1128;176;32;64
GoodFts(RGB);0.597215;6400;608;304;32;64
GoodFts(RGB);0.597199;2540;1184;264;32;64
GoodFts(RGB);0.597198;220;816;280;32;64
GoodFts(RGB);0.597195;900;216;244;48;96
GoodFts(RGB);0.597186;3056;416;272;32;64
GoodFts(RGB);0.597185;6828;664;304;32;64
GoodFts(RGB);0.597185;4632;1056;136;32;64
GoodFts(RGB);0.597182;5952;1048;128;32;64
GoodFts(RGB);0.597182;1904;396;256;48;96
GoodFts(RGB);0.597178;3056;144;232;32;64
GoodFts(RGB);0.597172;3280;1104;304;32;64
GoodFts(RGB);0.597166;7088;552;272;32;64
GoodFts(RGB);0.597165;6716;976;256;32;64
GoodFts(RGB);0.597165;4916;992;288;32;64
GoodFts(RGB);0.597160;4724;104;303;32;64
GoodFts(RGB);0.597157;7188;1040;119;32;64
GoodFts(RGB);0.597153;1904;960;224;32;64
GoodFts(RGB);0.597152;2460;1152;304;32;64
GoodFts(RGB);0.597147;824;1140;212;80;160
GoodFts(RGB);0.597147;3528;1000;200;32;64
GoodFts(RGB);0.597139;6224;944;168;32;64
GoodFts(RGB);0.597138;7320;1168;151;32;64
GoodFts(RGB);0.597135;1864;272;135;32;64
GoodFts(RGB);0.597134;4348;48;112;32;64
GoodFts(RGB);0.597133;1572;296;304;32;64
GoodFts(RGB);0.597133;2604;1056;244;48;96
GoodFts(RGB);0.597132;1616;552;256;48;96
GoodFts(RGB);0.597132;1572;864;264;32;64
GoodFts(RGB);0.597118;4316;1184;192;32;64
GoodFts(RGB);0.597112;7060;280;280;32;64
GoodFts(RGB);0.597102;5820;396;232;48;96
GoodFts(RGB);0.597094;932;976;264;32;64
GoodFts(RGB);0.597093;4116;768;279;32;64
GoodFts(RGB);0.597081;5820;1192;224;32;64
GoodFts(RGB);0.597081;2504;96;184;48;96
GoodFts(RGB);0.597080;2068;1128;184;32;64
GoodFts(RGB);0.597074;7304;132;208;48;96
GoodFts(RGB);0.597071;3804;1116;184;48;96
GoodFts(RGB);0.597071;1768;432;240;32;64
GoodFts(RGB);0.597070;696;480;296;32;64
GoodFts(RGB);0.597064;6808;624;224;32;64
GoodFts(RGB);0.597043;7380;440;272;32;64
GoodFts(RGB);0.597042;492;800;184;32;64
GoodFts(RGB);0.597040;5388;704;168;32;64
GoodFts(RGB);0.597036;628;1192;136;32;64
GoodFts(RGB);0.597032;1324;744;160;32;64
GoodFts(RGB);0.597031;1504;216;248;32;64
GoodFts(RGB);0.597023;2532;848;304;32;64
GoodFts(RGB);0.597022;4272;1208;192;32;64
GoodFts(RGB);0.597017;784;0;303;32;64
GoodFts(RGB);0.597017;784;56;271;32;64
GoodFts(RGB);0.597012;3204;1040;240;32;64
GoodFts(RGB);0.597005;5280;472;304;32;64
GoodFts(RGB);0.596997;736;984;168;32;64
GoodFts(RGB);0.596995;4756;1080;280;32;64
GoodFts(RGB);0.596987;2036;72;136;32;64
GoodFts(RGB);0.596981;424;376;296;32;64
GoodFts(RGB);0.596975;2372;152;208;32;64
GoodFts(RGB);0.596971;492;1152;128;32;64
GoodFts(RGB);0.596964;4036;440;272;32;64
GoodFts(RGB);0.596959;7408;136;127;32;64
GoodFts(RGB);0.596958;348;600;304;32;64
GoodFts(RGB);0.596955;5472;1112;304;32;64
GoodFts(RGB);0.596952;1680;336;288;32;64
GoodFts(RGB);0.596950;4688;0;138;104;208
GoodFts(RGB);0.596948;2860;64;295;32;64
GoodFts(RGB);0.596935;532;200;287;32;64
GoodFts(RGB);0.596930;4348;192;272;32;64
GoodFts(RGB);0.596926;1244;1176;112;48;96
GoodFts(RGB);0.596918;3528;104;160;32;64
GoodFts(RGB);0.596916;2112;968;256;32;64
GoodFts(RGB);0.596911;4636;1176;304;32;64
GoodFts(RGB);0.596908;3280;1176;224;32;64
GoodFts(RGB);0.596908;4316;560;240;64;128
GoodFts(RGB);0.596893;2108;440;135;32;64
GoodFts(RGB);0.596891;4348;224;272;32;64
GoodFts(RGB);0.596890;5100;88;264;32;64
GoodFts(RGB);0.596889;4988;440;280;32;64
GoodFts(RGB);0.596886;1680;232;240;32;64
GoodFts(RGB);0.596884;2532;800;256;32;64
GoodFts(RGB);0.596870;824;1200;136;32;64
GoodFts(RGB);0.596870;6180;72;240;32;64
GoodFts(RGB);0.596858;3280;768;248;32;64
GoodFts(RGB);0.596858;2808;1200;120;32;64
GoodFts(RGB);0.596849;1024;904;304;32;64
GoodFts(RGB);0.596848;3348;952;224;32;64
GoodFts(RGB);0.596847;3244;224;296;32;64
GoodFts(RGB);0.596843;2540;1056;244;48;96
GoodFts(RGB);0.596840;2504;80;192;32;64
GoodFts(RGB);0.596838;6472;344;127;32;64
GoodFts(RGB);0.596829;4444;848;168;32;64
GoodFts(RGB);0.596821;7188;704;303;32;64
GoodFts(RGB);0.596818;4312;16;280;32;64
GoodFts(RGB);0.596809;696;1080;176;32;64
GoodFts(RGB);0.596799;6044;96;224;64;128
GoodFts(RGB);0.596783;7272;152;271;32;64
GoodFts(RGB);0.596778;1864;1128;151;32;64
GoodFts(RGB);0.596776;3516;1096;232;32;64
GoodFts(RGB);0.596772;768;984;288;32;64
GoodFts(RGB);0.596771;3852;912;144;32;64
GoodFts(RGB);0.596770;1576;1040;128;32;64
GoodFts(RGB);0.596769;348;312;304;32;64
GoodFts(RGB);0.596751;5480;112;295;32;64
GoodFts(RGB);0.596751;4320;688;272;32;64
GoodFts(RGB);0.596739;4036;1200;208;32;64
GoodFts(RGB);0.596733;4824;1120;160;32;64
GoodFts(RGB);0.596732;3244;536;264;32;64
GoodFts(RGB);0.596725;6016;64;120;32;64
GoodFts(RGB);0.596718;1124;96;287;32;64
GoodFts(RGB);0.596708;2952;416;127;32;64
GoodFts(RGB);0.596705;5820;704;280;32;64
GoodFts(RGB);0.596698;5044;944;224;64;128
GoodFts(RGB);0.596696;1300;152;303;32;64
GoodFts(RGB);0.596692;732;1176;272;32;64
GoodFts(RGB);0.596678;7224;184;296;32;64
GoodFts(RGB);0.596677;7224;448;232;32;64
GoodFts(RGB);0.596654;4164;768;112;128;256
GoodFts(RGB);0.596627;4696;1144;207;32;64
GoodFts(RGB);0.596626;1904;608;272;32;64
GoodFts(RGB);0.596611;4924;96;134;48;96
GoodFts(RGB);0.596610;2184;576;232;32;64
GoodFts(RGB);0.596603;6860;904;128;32;64
GoodFts(RGB);0.596597;6828;552;296;32;64
GoodFts(RGB);0.596592;932;732;268;48;96
GoodFts(RGB);0.596587;4924;16;135;32;64
GoodFts(RGB);0.596577;1244;656;264;32;64
GoodFts(RGB);0.596576;1504;136;232;32;64
GoodFts(RGB);0.596570;928;696;231;32;64
GoodFts(RGB);0.596563;6268;952;296;32;64
GoodFts(RGB);0.596557;292;1120;304;32;64
GoodFts(RGB);0.596556;7272;184;191;32;64
GoodFts(RGB);0.596552;5604;320;256;32;64
GoodFts(RGB);0.596549;5008;840;304;32;64
GoodFts(RGB);0.596539;7008;888;264;32;64
GoodFts(RGB);0.596538;368;168;287;32;64
GoodFts(RGB);0.596537;2532;712;264;32;64
GoodFts(RGB);0.596523;3308;1044;172;48;96
GoodFts(RGB);0.596521;2808;1016;232;32;64
GoodFts(RGB);0.596520;2036;8;256;32;64
GoodFts(RGB);0.596517;3192;560;272;32;64
GoodFts(RGB);0.596503;7304;1144;248;32;64
GoodFts(RGB);0.596500;7400;1176;288;32;64
GoodFts(RGB);0.596488;6112;576;280;32;64
GoodFts(RGB);0.596474;6892;1064;135;32;64
GoodFts(RGB);0.596449;784;200;247;32;64
GoodFts(RGB);0.596436;4132;160;296;32;64
GoodFts(RGB);0.596434;5892;1112;224;32;64
GoodFts(RGB);0.596426;6860;144;248;32;64
GoodFts(RGB);0.596420;4572;1168;128;32;64
GoodFts(RGB);0.596417;4976;136;295;32;64
GoodFts(RGB);0.596404;3216;664;280;32;64
GoodFts(RGB);0.596395;4572;808;272;32;64
GoodFts(RGB);0.596390;2012;424;240;32;64
GoodFts(RGB);0.596384;4844;376;119;32;64
GoodFts(RGB);0.596382;1680;104;256;32;64
GoodFts(RGB);0.596377;5472;600;224;32;64
GoodFts(RGB);0.596377;436;24;144;32;64
GoodFts(RGB);0.596377;7412;552;288;32;64
GoodFts(RGB);0.596373;2888;792;175;32;64
GoodFts(RGB);0.596373;6900;16;192;32;64
GoodFts(RGB);0.596358;4012;1040;111;32;64
GoodFts(RGB);0.596357;1804;288;271;32;64
GoodFts(RGB);0.596355;7000;1064;192;32;64
GoodFts(RGB);0.596343;4320;1168;272;32;64
GoodFts(RGB);0.596332;5936;944;232;32;64
GoodFts(RGB);0.596324;2788;536;304;32;64
GoodFts(RGB);0.596315;184;560;240;64;128
GoodFts(RGB);0.596311;6860;72;256;48;96
GoodFts(RGB);0.596310;732;940;212;80;160
GoodFts(RGB);0.596300;3488;968;208;32;64
GoodFts(RGB);0.596282;5284;584;240;32;64
GoodFts(RGB);0.596281;7188;136;303;32;64
GoodFts(RGB);0.596273;3804;464;264;32;64
GoodFts(RGB);0.596266;3116;392;296;32;64
GoodFts(RGB);0.596262;920;976;240;32;64
GoodFts(RGB);0.596248;7400;288;272;32;64
GoodFts(RGB);0.596245;6628;496;240;32;64
GoodFts(RGB);0.596241;1024;288;224;32;64
GoodFts(RGB);0.596232;3184;968;288;32;64
GoodFts(RGB);0.596216;2732;1064;264;32;64
GoodFts(RGB);0.596208;5708;0;128;32;64
GoodFts(RGB);0.596207;2604;1140;268;48;96
GoodFts(RGB);0.596207;7088;252;256;48;96
GoodFts(RGB);0.596193;2108;1160;143;32;64
GoodFts(RGB);0.596171;2184;1080;112;32;64
GoodFts(RGB);0.596165;7320;208;111;32;64
GoodFts(RGB);0.596163;1324;1068;160;48;96
GoodFts(RGB);0.596161;4164;392;304;32;64
GoodFts(RGB);0.596156;4308;16;263;32;64
GoodFts(RGB);0.596154;932;320;256;32;64
GoodFts(RGB);0.596144;4564;128;303;32;64
GoodFts(RGB);0.596136;1300;88;263;32;64
GoodFts(RGB);0.596122;4352;544;232;32;64
GoodFts(RGB);0.596118;1240;792;268;48;96
GoodFts(RGB);0.596108;5008;1136;128;32;64
GoodFts(RGB);0.596106;4272;1024;272;32;64
GoodFts(RGB);0.596099;2788;1192;160;32;64
GoodFts(RGB);0.596093;588;688;304;32;64
GoodFts(RGB);0.596080;7036;48;266;48;96
GoodFts(RGB);0.596073;4312;408;304;32;64
GoodFts(RGB);0.596072;2732;1164;196;48;96
GoodFts(RGB);0.596071;1324;1008;128;64;128
GoodFts(RGB);0.596067;4184;216;192;32;64
GoodFts(RGB);0.596055;424;1096;232;32;64
GoodFts(RGB);0.596053;784;344;271;32;64
GoodFts(RGB);0.596050;4320;1136;240;32;64
GoodFts(RGB);0.596035;1636;32;160;32;64
GoodFts(RGB);0.596008;5276;472;248;32;64
GoodFts(RGB);0.596004;3220;432;264;32;64
GoodFts(RGB);0.596003;3192;456;264;32;64
GoodFts(RGB);0.596001;3064;824;280;32;64
GoodFts(RGB);0.595997;4348;880;168;32;64
GoodFts(RGB);0.595992;6860;416;296;32;64
GoodFts(RGB);0.595991;6860;0;272;32;64
GoodFts(RGB);0.595982;2436;608;296;32;64
GoodFts(RGB);0.595979;4316;1008;192;32;64
GoodFts(RGB);0.595978;3792;544;240;64;128
GoodFts(RGB);0.595976;488;96;208;48;96
GoodFts(RGB);0.595975;4036;392;248;32;64
GoodFts(RGB);0.595971;4976;1088;167;32;64
GoodFts(RGB);0.595968;2532;756;268;48;96
GoodFts(RGB);0.595966;4036;480;216;32;64
GoodFts(RGB);0.595958;4288;744;200;32;64
GoodFts(RGB);0.595957;3792;128;128;32;64
GoodFts(RGB);0.595954;7272;224;215;32;64
GoodFts(RGB);0.595952;6704;600;256;48;96
GoodFts(RGB);0.595951;4724;312;119;32;64
GoodFts(RGB);0.595949;424;1024;160;32;64
GoodFts(RGB);0.595943;220;328;280;32;64
GoodFts(RGB);0.595938;2068;528;288;32;64
GoodFts(RGB);0.595934;932;680;224;32;64
GoodFts(RGB);0.595913;6828;840;264;32;64
GoodFts(RGB);0.595910;6948;616;256;32;64
GoodFts(RGB);0.595909;5572;624;280;32;64
GoodFts(RGB);0.595899;4924;840;230;48;96
GoodFts(RGB);0.595895;4564;12;254;48;96
GoodFts(RGB);0.595894;4688;128;304;32;64
GoodFts(RGB);0.595875;4320;1000;256;32;64
GoodFts(RGB);0.595874;6472;976;111;32;64
GoodFts(RGB);0.595855;348;0;304;32;64
GoodFts(RGB);0.595852;3792;588;208;48;96
GoodFts(RGB);0.595852;1804;240;271;32;64
GoodFts(RGB);0.595852;6316;328;272;32;64
GoodFts(RGB);0.595837;4348;480;268;48;96
GoodFts(RGB);0.595836;728;768;112;32;64
GoodFts(RGB);0.595828;2484;1184;304;32;64
GoodFts(RGB);0.595826;824;1188;208;48;96
GoodFts(RGB);0.595814;1856;960;168;32;64
GoodFts(RGB);0.595808;3280;900;256;48;96
GoodFts(RGB);0.595801;2052;816;168;32;64
GoodFts(RGB);0.595800;5388;864;248;32;64
GoodFts(RGB);0.595787;3700;336;135;32;64
GoodFts(RGB);0.595787;3308;248;296;32;64
GoodFts(RGB);0.595780;3216;792;268;48;96
GoodFts(RGB);0.595774;1124;8;215;32;64
GoodFts(RGB);0.595773;7400;1192;304;32;64
GoodFts(RGB);0.595768;7008;952;304;32;64
GoodFts(RGB);0.595761;7036;1008;151;32;64
GoodFts(RGB);0.595754;3280;944;304;32;64
GoodFts(RGB);0.595754;1348;944;119;32;64
GoodFts(RGB);0.595750;744;736;295;32;64
GoodFts(RGB);0.595747;6948;256;304;32;64
GoodFts(RGB);0.595747;4324;952;296;32;64
GoodFts(RGB);0.595745;6828;992;136;32;64
GoodFts(RGB);0.595733;7400;128;288;32;64
GoodFts(RGB);0.595731;468;1200;240;32;64
GoodFts(RGB);0.595730;3192;336;216;32;64
GoodFts(RGB);0.595724;6224;448;272;32;64
GoodFts(RGB);0.595685;4444;520;272;32;64
GoodFts(RGB);0.595683;7420;576;288;32;64
GoodFts(RGB);0.595661;7304;24;224;32;64
GoodFts(RGB);0.595659;7320;896;111;32;64
GoodFts(RGB);0.595658;2540;320;304;32;64
GoodFts(RGB);0.595651;1412;36;112;48;96
GoodFts(RGB);0.595635;5680;544;304;32;64
GoodFts(RGB);0.595613;4988;1120;120;32;64
GoodFts(RGB);0.595605;6044;936;240;32;64
GoodFts(RGB);0.595601;220;576;272;32;64
GoodFts(RGB);0.595599;744;80;271;32;64
GoodFts(RGB);0.595598;5276;64;280;32;64
GoodFts(RGB);0.595596;1224;8;120;32;64
GoodFts(RGB);0.595585;768;264;304;32;64
GoodFts(RGB);0.595581;7384;540;268;48;96
GoodFts(RGB);0.595581;1576;544;296;32;64
GoodFts(RGB);0.595576;3348;1104;128;64;128
GoodFts(RGB);0.595528;5480;636;266;48;96
GoodFts(RGB);0.595527;3056;232;288;32;64
GoodFts(RGB);0.595521;628;640;232;32;64
GoodFts(RGB);0.595514;4632;624;280;32;64
GoodFts(RGB);0.595512;844;1192;272;32;64
GoodFts(RGB);0.595502;3164;600;279;32;64
GoodFts(RGB);0.595497;348;512;288;32;64
GoodFts(RGB);0.595496;768;990;112;120;240
GoodFts(RGB);0.595494;340;1040;248;32;64
GoodFts(RGB);0.595494;3804;1112;168;32;64
GoodFts(RGB);0.595465;2540;1016;288;32;64
GoodFts(RGB);0.595461;2952;24;266;48;96
GoodFts(RGB);0.595457;2680;896;135;32;64
GoodFts(RGB);0.595449;4272;1164;136;48;96
GoodFts(RGB);0.595441;2416;440;296;32;64
GoodFts(RGB);0.595437;824;260;132;80;160
GoodFts(RGB);0.595432;3192;544;264;32;64
GoodFts(RGB);0.595426;4288;928;304;32;64
GoodFts(RGB);0.595411;2996;0;192;32;64
GoodFts(RGB);0.595410;2108;1136;183;32;64
GoodFts(RGB);0.595401;844;1048;280;32;64
GoodFts(RGB);0.595401;1616;1032;184;32;64
GoodFts(RGB);0.595401;3164;608;295;32;64
GoodFts(RGB);0.595396;3600;592;272;32;64
GoodFts(RGB);0.595392;788;272;304;32;64
GoodFts(RGB);0.595372;5888;72;239;32;64
GoodFts(RGB);0.595365;7388;768;296;32;64
GoodFts(RGB);0.595362;3792;224;288;32;64
GoodFts(RGB);0.595361;4920;512;296;32;64
GoodFts(RGB);0.595360;2860;896;111;32;64
GoodFts(RGB);0.595359;5604;400;240;64;128
GoodFts(RGB);0.595358;2972;792;304;32;64
GoodFts(RGB);0.595355;5660;1192;192;32;64
GoodFts(RGB);0.595350;1240;808;288;32;64
GoodFts(RGB);0.595350;2996;24;216;32;64
GoodFts(RGB);0.595349;4324;512;256;32;64
GoodFts(RGB);0.595344;2052;1128;176;32;64
GoodFts(RGB);0.595329;348;1080;288;32;64
GoodFts(RGB);0.595324;360;352;304;32;64
GoodFts(RGB);0.595313;348;888;144;32;64
GoodFts(RGB);0.595296;2144;1024;279;32;64
GoodFts(RGB);0.595292;2068;952;224;32;64
GoodFts(RGB);0.595290;3348;992;240;32;64
GoodFts(RGB);0.595268;1324;72;176;32;64
GoodFts(RGB);0.595267;2456;192;239;32;64
GoodFts(RGB);0.595248;2732;664;240;32;64
GoodFts(RGB);0.595244;844;1144;288;32;64
GoodFts(RGB);0.595243;1856;184;160;32;64
GoodFts(RGB);0.595240;5724;1092;110;48;96
GoodFts(RGB);0.595238;7320;920;143;32;64
GoodFts(RGB);0.595227;7412;1168;240;64;128
GoodFts(RGB);0.595205;368;1092;170;48;96
GoodFts(RGB);0.595203;604;152;279;32;64
GoodFts(RGB);0.595200;532;1160;151;32;64
GoodFts(RGB);0.595174;20;1160;112;32;64
GoodFts(RGB);0.595171;3792;608;240;64;128
GoodFts(RGB);0.595171;3020;464;304;32;64
GoodFts(RGB);0.595162;964;464;288;32;64
GoodFts(RGB);0.595156;4012;1088;135;32;64
GoodFts(RGB);0.595140;4916;56;304;32;64
GoodFts(RGB);0.595136;5888;0;127;32;64
GoodFts(RGB);0.595134;1720;584;296;32;64
GoodFts(RGB);0.595133;728;88;240;32;64
GoodFts(RGB);0.595132;2888;56;247;32;64
GoodFts(RGB);0.595125;5680;960;136;48;96
GoodFts(RGB);0.595124;1084;416;304;32;64
GoodFts(RGB);0.595118;732;288;224;64;128
GoodFts(RGB);0.595115;3192;320;176;32;64
GoodFts(RGB);0.595095;4780;48;255;32;64
GoodFts(RGB);0.595094;468;1188;232;48;96
GoodFts(RGB);0.595083;4944;560;303;32;64
GoodFts(RGB);0.595077;6864;752;296;32;64
GoodFts(RGB);0.595076;4916;744;280;32;64
GoodFts(RGB);0.595066;20;1128;192;32;64
GoodFts(RGB);0.595055;6224;544;232;32;64
GoodFts(RGB);0.595055;2732;784;152;32;64
GoodFts(RGB);0.595050;6704;448;272;32;64
GoodFts(RGB);0.595034;7060;296;272;32;64
GoodFts(RGB);0.595020;5748;1000;232;32;64
GoodFts(RGB);0.595019;4288;128;304;32;64
GoodFts(RGB);0.595003;6900;540;212;80;160
GoodFts(RGB);0.594996;3216;912;136;32;64
GoodFts(RGB);0.594985;2604;1168;216;32;64
GoodFts(RGB);0.594975;3488;1008;304;32;64
GoodFts(RGB);0.594952;7412;1008;232;32;64
GoodFts(RGB);0.594944;5892;960;256;32;64
GoodFts(RGB);0.594943;436;904;288;32;64
GoodFts(RGB);0.594932;2604;872;280;32;64
GoodFts(RGB);0.594930;5404;1024;304;32;64
GoodFts(RGB);0.594926;3852;1072;296;32;64
GoodFts(RGB);0.594918;544;208;288;32;64
GoodFts(RGB);0.594917;788;504;288;32;64
GoodFts(RGB);0.594916;544;648;248;32;64
GoodFts(RGB);0.594911;340;520;136;32;64
GoodFts(RGB);0.594907;5572;776;280;32;64
GoodFts(RGB);0.594907;4080;304;264;32;64
GoodFts(RGB);0.594906;360;360;264;32;64
GoodFts(RGB);0.594905;1504;480;248;32;64
GoodFts(RGB);0.594904;5604;472;232;32;64
GoodFts(RGB);0.594897;4272;352;248;32;64
GoodFts(RGB);0.594893;744;1040;119;32;64
GoodFts(RGB);0.594892;1444;64;255;32;64
GoodFts(RGB);0.594880;4508;1144;119;32;64
GoodFts(RGB);0.594880;7412;1088;288;32;64
GoodFts(RGB);0.594878;5284;704;296;32;64
GoodFts(RGB);0.594873;2996;0;112;32;64
GoodFts(RGB);0.594860;4116;176;119;32;64
GoodFts(RGB);0.594859;4564;1176;167;32;64
GoodFts(RGB);0.594852;340;712;192;32;64
GoodFts(RGB);0.594851;1380;1024;144;32;64
GoodFts(RGB);0.594847;4116;304;295;32;64
GoodFts(RGB);0.594839;732;448;296;32;64
GoodFts(RGB);0.594836;5660;1200;208;32;64
GoodFts(RGB);0.594827;3020;416;232;32;64
GoodFts(RGB);0.594826;3348;976;280;32;64
GoodFts(RGB);0.594825;788;432;304;32;64
GoodFts(RGB);0.594821;7008;168;232;32;64
GoodFts(RGB);0.594815;824;1160;280;32;64
GoodFts(RGB);0.594813;360;648;296;32;64
GoodFts(RGB);0.594806;7060;1072;144;32;64
GoodFts(RGB);0.594798;360;464;192;32;64
GoodFts(RGB);0.594792;1856;176;192;32;64
GoodFts(RGB);0.594790;3600;688;280;32;64
GoodFts(RGB);0.594784;5276;760;304;32;64
GoodFts(RGB);0.594775;1552;1192;192;32;64
GoodFts(RGB);0.594774;5744;1024;255;32;64
GoodFts(RGB);0.594764;1084;0;304;32;64
GoodFts(RGB);0.594756;4164;1016;136;32;64
GoodFts(RGB);0.594750;1776;992;304;32;64
GoodFts(RGB);0.594744;784;72;279;32;64
GoodFts(RGB);0.594725;1380;992;120;32;64
GoodFts(RGB);0.594720;7044;728;164;104;208
GoodFts(RGB);0.594711;5604;800;288;32;64
GoodFts(RGB);0.594680;7352;1176;144;32;64
GoodFts(RGB);0.594674;6948;608;240;32;64
GoodFts(RGB);0.594651;3516;636;220;48;96
GoodFts(RGB);0.594647;436;520;248;32;64
GoodFts(RGB);0.594646;1504;160;192;32;64
GoodFts(RGB);0.594642;3924;952;120;32;64
GoodFts(RGB);0.594640;1696;560;296;32;64
GoodFts(RGB);0.594632;2052;832;176;32;64
GoodFts(RGB);0.594626;5320;632;240;32;64
GoodFts(RGB);0.594611;1616;968;296;32;64
GoodFts(RGB);0.594611;1124;176;247;32;64
GoodFts(RGB);0.594609;5680;1176;240;32;64
GoodFts(RGB);0.594607;844;1104;128;32;64
GoodFts(RGB);0.594605;1224;1080;112;48;96
GoodFts(RGB);0.594602;5744;72;247;32;64
GoodFts(RGB);0.594576;340;1176;268;48;96
GoodFts(RGB);0.594566;532;1008;110;48;96
GoodFts(RGB);0.594565;7436;816;303;32;64
GoodFts(RGB);0.594548;2484;1120;272;32;64
GoodFts(RGB);0.594542;4024;720;296;32;64
GoodFts(RGB);0.594540;856;280;296;32;64
GoodFts(RGB);0.594533;964;520;280;32;64
GoodFts(RGB);0.594526;4780;64;279;32;64
GoodFts(RGB);0.594518;1300;32;287;32;64
GoodFts(RGB);0.594517;5952;1032;224;32;64
GoodFts(RGB);0.594516;4824;216;280;32;64
GoodFts(RGB);0.594512;932;736;224;32;64
GoodFts(RGB);0.594510;4844;256;119;32;64
GoodFts(RGB);0.594499;340;832;280;32;64
GoodFts(RGB);0.594492;3116;1120;120;32;64
GoodFts(RGB);0.594462;5536;660;212;80;160
GoodFts(RGB);0.594455;4184;672;288;32;64
GoodFts(RGB);0.594432;4352;1164;112;48;96
GoodFts(RGB);0.594431;7060;944;240;64;128
GoodFts(RGB);0.594427;1884;1112;144;32;64
GoodFts(RGB);0.594422;4508;1140;170;48;96
GoodFts(RGB);0.594420;7036;776;279;32;64
GoodFts(RGB);0.594418;1412;1136;200;32;64
GoodFts(RGB);0.594413;5044;744;280;32;64
GoodFts(RGB);0.594384;328;376;304;32;64
GoodFts(RGB);0.594348;1488;616;288;32;64
GoodFts(RGB);0.594342;1964;640;296;32;64
GoodFts(RGB);0.594341;4324;664;192;32;64
GoodFts(RGB);0.594337;768;1188;208;48;96
GoodFts(RGB);0.594324;7188;1128;167;32;64
GoodFts(RGB);0.594310;4920;1168;136;32;64
GoodFts(RGB);0.594306;184;784;280;32;64
GoodFts(RGB);0.594297;3192;448;248;32;64
GoodFts(RGB);0.594290;5952;1192;304;32;64
GoodFts(RGB);0.594289;4224;128;192;32;64
GoodFts(RGB);0.594287;2888;792;303;32;64
GoodFts(RGB);0.594281;5404;264;280;32;64
GoodFts(RGB);0.594273;4976;1072;127;64;128
GoodFts(RGB);0.594258;7352;824;296;32;64
GoodFts(RGB);0.594257;3064;1072;240;64;128
GoodFts(RGB);0.594235;3308;1176;232;32;64
GoodFts(RGB);0.594218;6068;344;232;32;64
GoodFts(RGB);0.594170;4080;560;280;32;64
GoodFts(RGB);0.594160;5952;864;120;32;64
GoodFts(RGB);0.594148;6892;192;159;32;64
GoodFts(RGB);0.594133;4780;960;111;32;64
GoodFts(RGB);0.594131;3024;16;215;32;64
GoodFts(RGB);0.594118;4116;924;134;48;96
GoodFts(RGB);0.594115;3204;16;216;32;64
GoodFts(RGB);0.594114;5284;1064;168;32;64
GoodFts(RGB);0.594112;5888;192;239;32;64
GoodFts(RGB);0.594106;5320;972;184;48;96
GoodFts(RGB);0.594102;6316;544;296;32;64
GoodFts(RGB);0.594097;1224;16;256;32;64
GoodFts(RGB);0.594091;920;1192;296;32;64
GoodFts(RGB);0.594076;2952;408;135;32;64
GoodFts(RGB);0.594070;1884;1208;208;32;64
GoodFts(RGB);0.594059;1080;1168;128;32;64
GoodFts(RGB);0.594055;7044;344;288;32;64
GoodFts(RGB);0.594037;5536;32;272;32;64
GoodFts(RGB);0.594037;2068;1080;120;32;64
GoodFts(RGB);0.594010;1224;432;304;32;64
GoodFts(RGB);0.593982;4696;568;127;32;64
GoodFts(RGB);0.593967;4324;984;208;32;64
GoodFts(RGB);0.593962;7008;856;272;32;64
GoodFts(RGB);0.593927;6716;568;192;32;64
GoodFts(RGB);0.593918;5284;664;232;32;64
GoodFts(RGB);0.593917;544;496;304;32;64
GoodFts(RGB);0.593896;292;616;296;32;64
GoodFts(RGB);0.593893;220;936;280;32;64
GoodFts(RGB);0.593885;6948;632;272;32;64
GoodFts(RGB);0.593881;1864;200;143;32;64
GoodFts(RGB);0.593880;2484;1064;288;32;64
GoodFts(RGB);0.593876;5536;896;296;32;64
GoodFts(RGB);0.593876;5892;272;232;32;64
GoodFts(RGB);0.593868;6044;1120;152;32;64
GoodFts(RGB);0.593867;1884;1184;192;32;64
GoodFts(RGB);0.593858;2052;1008;232;32;64
GoodFts(RGB);0.593849;20;120;136;32;64
GoodFts(RGB);0.593848;7272;312;127;32;64
GoodFts(RGB);0.593835;7412;936;288;32;64
GoodFts(RGB);0.593835;4272;120;224;32;64
GoodFts(RGB);0.593817;1016;448;256;32;64
GoodFts(RGB);0.593815;1080;568;304;32;64
GoodFts(RGB);0.593804;2108;1168;167;32;64
GoodFts(RGB);0.593799;4028;984;120;32;64
GoodFts(RGB);0.593799;4444;1144;208;32;64
GoodFts(RGB);0.593763;2788;1112;120;32;64
GoodFts(RGB);0.593753;1964;1072;128;32;64
GoodFts(RGB);0.593750;5672;1208;248;32;64
GoodFts(RGB);0.593735;4508;928;127;32;64
GoodFts(RGB);0.593727;532;840;303;32;64
GoodFts(RGB);0.593716;20;1168;248;32;64
GoodFts(RGB);0.593713;4944;880;119;32;64
GoodFts(RGB);0.593701;928;192;135;32;64
GoodFts(RGB);0.593696;1864;984;119;32;64
GoodFts(RGB);0.593690;4968;896;208;32;64
GoodFts(RGB);0.593675;532;144;175;32;64
GoodFts(RGB);0.593669;1504;944;288;32;64
GoodFts(RGB);0.593664;5888;384;119;32;64
GoodFts(RGB);0.593663;5100;840;120;32;64
GoodFts(RGB);0.593660;4960;1072;263;32;64
GoodFts(RGB);0.593653;1964;16;128;32;64
GoodFts(RGB);0.593649;604;744;303;32;64
GoodFts(RGB);0.593647;2416;1104;304;32;64
GoodFts(RGB);0.593644;5100;280;136;32;64
GoodFts(RGB);0.593628;7000;40;296;32;64
GoodFts(RGB);0.593584;6864;960;304;32;64
GoodFts(RGB);0.593574;5604;520;256;32;64
GoodFts(RGB);0.593564;2144;200;247;32;64
GoodFts(RGB);0.593528;4444;880;144;32;64
GoodFts(RGB);0.593516;4968;224;272;32;64
GoodFts(RGB);0.593512;4132;144;268;48;96
GoodFts(RGB);0.593496;5100;168;136;48;96
GoodFts(RGB);0.593492;3516;432;304;32;64
GoodFts(RGB);0.593476;768;1188;112;48;96
GoodFts(RGB);0.593467;7044;392;216;32;64
GoodFts(RGB);0.593465;4988;576;304;32;64
GoodFts(RGB);0.593462;220;344;280;32;64
GoodFts(RGB);0.593456;328;1024;224;32;64
GoodFts(RGB);0.593450;220;648;256;32;64
GoodFts(RGB);0.593449;4980;624;208;32;64
GoodFts(RGB);0.593428;2324;264;287;32;64
GoodFts(RGB);0.593419;20;440;184;32;64
GoodFts(RGB);0.593417;5748;624;272;32;64
GoodFts(RGB);0.593409;5936;976;280;32;64
GoodFts(RGB);0.593376;1180;104;192;32;64
GoodFts(RGB);0.593371;4508;1088;159;32;64
GoodFts(RGB);0.593360;5072;84;268;48;96
GoodFts(RGB);0.593351;6900;48;120;32;64
GoodFts(RGB);0.593339;4132;840;212;80;160
GoodFts(RGB);0.593326;7412;1200;128;32;64
GoodFts(RGB);0.593310;5320;288;280;32;64
GoodFts(RGB);0.593308;7008;1168;224;32;64
GoodFts(RGB);0.593306;288;1096;119;32;64
GoodFts(RGB);0.593296;4132;1184;256;32;64
GoodFts(RGB);0.593284;1856;512;232;32;64
GoodFts(RGB);0.593278;7388;496;264;32;64
GoodFts(RGB);0.593277;1080;1200;160;32;64
GoodFts(RGB);0.593268;76;544;248;32;64
GoodFts(RGB);0.593261;2112;1144;200;32;64
GoodFts(RGB);0.593252;2460;1096;112;32;64
GoodFts(RGB);0.593248;7412;96;152;32;64
GoodFts(RGB);0.593247;4924;704;303;32;64
GoodFts(RGB);0.593242;328;568;304;32;64
GoodFts(RGB);0.593240;6240;72;255;32;64
GoodFts(RGB);0.593216;7448;256;303;32;64
GoodFts(RGB);0.593213;6716;780;196;48;96
GoodFts(RGB);0.593204;5724;984;151;32;64
GoodFts(RGB);0.593190;5724;1144;183;32;64
GoodFts(RGB);0.593184;2788;816;200;32;64
GoodFts(RGB);0.593147;1024;1184;280;32;64
GoodFts(RGB);0.593132;6716;928;248;32;64
GoodFts(RGB);0.593086;2024;288;304;32;64
GoodFts(RGB);0.593063;5936;488;224;32;64
GoodFts(RGB);0.593062;7420;1144;160;32;64
GoodFts(RGB);0.593056;2888;16;295;32;64
GoodFts(RGB);0.593001;920;656;264;32;64
GoodFts(RGB);0.592989;7420;584;272;32;64
GoodFts(RGB);0.592965;3792;368;224;64;128
GoodFts(RGB);0.592955;2788;80;272;32;64
GoodFts(RGB);0.592942;1856;656;304;32;64
GoodFts(RGB);0.592930;7044;808;224;32;64
GoodFts(RGB);0.592911;788;800;288;32;64
GoodFts(RGB);0.592897;4352;1208;136;32;64
GoodFts(RGB);0.592886;4184;8;264;32;64
GoodFts(RGB);0.592872;184;248;296;32;64
GoodFts(RGB);0.592862;424;864;296;32;64
GoodFts(RGB);0.592797;5724;712;263;32;64
GoodFts(RGB);0.592780;588;952;264;32;64
GoodFts(RGB);0.592778;368;1136;183;32;64
GoodFts(RGB);0.592778;2324;96;255;32;64
GoodFts(RGB);0.592774;4324;1080;288;32;64
GoodFts(RGB);0.592767;2456;648;303;32;64
GoodFts(RGB);0.592757;7448;784;287;32;64
GoodFts(RGB);0.592728;7152;648;256;32;64
GoodFts(RGB);0.592669;2628;632;280;32;64
GoodFts(RGB);0.592653;1272;240;295;32;64
GoodFts(RGB);0.592641;436;608;264;32;64
GoodFts(RGB);0.592632;5820;848;296;32;64
GoodFts(RGB);0.592592;5660;1088;296;32;64
GoodFts(RGB);0.592580;2324;1096;143;32;64
GoodFts(RGB);0.592578;7272;1120;135;32;64
GoodFts(RGB);0.592575;4224;224;128;32;64
GoodFts(RGB);0.592569;4696;1092;134;48;96
GoodFts(RGB);0.592548;5744;416;127;32;64
GoodFts(RGB);0.592543;3700;888;127;32;64
GoodFts(RGB);0.592539;788;568;208;32;64
GoodFts(RGB);0.592521;7044;32;304;32;64
GoodFts(RGB);0.592511;1224;104;120;32;64
GoodFts(RGB);0.592511;3064;1136;208;32;64
GoodFts(RGB);0.592495;6044;208;296;32;64
GoodFts(RGB);0.592479;1040;208;304;32;64
GoodFts(RGB);0.592452;76;376;296;32;64
GoodFts(RGB);0.592438;2788;608;256;32;64
GoodFts(RGB);0.592428;4980;936;256;32;64
GoodFts(RGB);0.592427;76;48;288;32;64
GoodFts(RGB);0.592409;5208;776;288;32;64
GoodFts(RGB);0.592375;5100;1200;168;32;64
GoodFts(RGB);0.592369;2680;384;135;32;64
GoodFts(RGB);0.592340;184;300;212;80;160
GoodFts(RGB);0.592337;4020;256;288;32;64
GoodFts(RGB);0.592309;5660;1136;128;32;64
GoodFts(RGB);0.592303;1300;144;295;32;64
GoodFts(RGB);0.592296;4636;560;272;32;64
GoodFts(RGB);0.592289;5820;1072;232;32;64
GoodFts(RGB);0.592276;76;480;304;32;64
GoodFts(RGB);0.592254;2888;1136;175;32;64
GoodFts(RGB);0.592247;7420;816;304;32;64
GoodFts(RGB);0.592240;1628;816;280;32;64
GoodFts(RGB);0.592235;4308;88;263;32;64
GoodFts(RGB);0.592233;4272;1088;168;32;64
GoodFts(RGB);0.592230;1016;544;304;32;64
GoodFts(RGB);0.592230;856;1024;232;32;64
GoodFts(RGB);0.592214;744;1160;199;32;64
GoodFts(RGB);0.592187;4224;156;232;48;96
GoodFts(RGB);0.592171;928;168;175;32;64
GoodFts(RGB);0.592171;4724;920;159;32;64
GoodFts(RGB);0.592169;5536;408;280;32;64
GoodFts(RGB);0.592166;4508;1144;167;32;64
GoodFts(RGB);0.592159;2484;504;272;32;64
GoodFts(RGB);0.592158;4080;592;248;32;64
GoodFts(RGB);0.592152;6068;960;240;32;64
GoodFts(RGB);0.592136;4012;776;303;32;64
GoodFts(RGB);0.592134;1224;24;240;32;64
GoodFts(RGB);0.592117;3924;784;224;32;64
GoodFts(RGB);0.592114;2024;832;304;32;64
GoodFts(RGB);0.592109;184;540;208;48;96
GoodFts(RGB);0.592077;1180;1168;240;32;64
GoodFts(RGB);0.592069;1196;48;304;32;64
GoodFts(RGB);0.592068;3056;192;280;32;64
GoodFts(RGB);0.592053;6900;600;264;32;64
GoodFts(RGB);0.592048;4844;80;295;32;64
GoodFts(RGB);0.592042;4636;1160;112;32;64
GoodFts(RGB);0.592038;7352;480;268;48;96
GoodFts(RGB);0.592025;5320;536;272;32;64
GoodFts(RGB);0.592009;6472;240;119;32;64
GoodFts(RGB);0.591947;4028;288;144;32;64
GoodFts(RGB);0.591933;5748;544;280;32;64
GoodFts(RGB);0.591917;2460;608;280;32;64
GoodFts(RGB);0.591914;5388;728;208;32;64
GoodFts(RGB);0.591867;7152;664;304;32;64
GoodFts(RGB);0.591819;1884;1176;264;32;64
GoodFts(RGB);0.591816;1380;72;184;48;96
GoodFts(RGB);0.591794;1864;304;135;32;64
GoodFts(RGB);0.591788;2888;88;119;32;64
GoodFts(RGB);0.591785;2408;616;303;32;64
GoodFts(RGB);0.591777;5072;456;296;32;64
GoodFts(RGB);0.591767;4116;192;122;48;96
GoodFts(RGB);0.591761;1804;416;119;32;64
GoodFts(RGB);0.591761;4968;1168;208;32;64
GoodFts(RGB);0.591758;7000;1136;144;32;64
GoodFts(RGB);0.591748;1444;1112;191;32;64
GoodFts(RGB);0.591748;4960;656;247;32;64
GoodFts(RGB);0.591737;5936;1056;296;32;64
GoodFts(RGB);0.591733;488;112;240;32;64
GoodFts(RGB);0.591733;5124;1072;151;32;64
GoodFts(RGB);0.591709;628;784;216;32;64
GoodFts(RGB);0.591667;5864;488;224;32;64
GoodFts(RGB);0.591626;7436;304;119;32;64
GoodFts(RGB);0.591625;2456;1152;110;48;96
GoodFts(RGB);0.591598;4724;288;127;32;64
GoodFts(RGB);0.591590;7188;1072;191;32;64
GoodFts(RGB);0.591572;4184;704;264;32;64
GoodFts(RGB);0.591571;2012;0;176;32;64
GoodFts(RGB);0.591565;1804;344;119;32;64
GoodFts(RGB);0.591565;5404;736;272;32;64
GoodFts(RGB);0.591555;920;1008;240;32;64
GoodFts(RGB);0.591548;1720;120;192;32;64
GoodFts(RGB);0.591488;5864;248;200;32;64
GoodFts(RGB);0.591484;2860;48;271;32;64
GoodFts(RGB);0.591478;5832;984;248;32;64
GoodFts(RGB);0.591396;2680;936;135;32;64
GoodFts(RGB);0.591358;4308;808;127;32;64
GoodFts(RGB);0.591298;4184;16;280;32;64
GoodFts(RGB);0.591294;5888;240;247;32;64
GoodFts(RGB);0.591273;6164;40;303;32;64
GoodFts(RGB);0.591270;5536;768;280;32;64
GoodFts(RGB);0.591259;436;560;232;32;64
GoodFts(RGB);0.591211;2952;40;183;32;64
GoodFts(RGB);0.591197;1380;1184;128;32;64
GoodFts(RGB);0.591179;5100;912;224;32;64
GoodFts(RGB);0.591164;5208;264;268;48;96
GoodFts(RGB);0.591161;7036;1088;207;32;64
GoodFts(RGB);0.591139;1180;560;296;32;64
GoodFts(RGB);0.591120;2808;1088;200;32;64
GoodFts(RGB);0.591117;6628;372;220;48;96
GoodFts(RGB);0.591113;76;1152;192;32;64
GoodFts(RGB);0.591091;7224;16;248;32;64
GoodFts(RGB);0.591088;6472;56;271;32;64
GoodFts(RGB);0.591042;4980;464;280;32;64
GoodFts(RGB);0.591031;4960;712;303;32;64
GoodFts(RGB);0.591028;4844;432;135;32;64
GoodFts(RGB);0.590955;1040;0;224;64;128
GoodFts(RGB);0.590951;2484;1160;288;32;64
GoodFts(RGB);0.590942;4440;136;200;32;64
GoodFts(RGB);0.590940;5404;0;112;32;64
GoodFts(RGB);0.590937;7224;400;304;32;64
GoodFts(RGB);0.590908;3852;272;152;32;64
GoodFts(RGB);0.590887;6716;1144;216;32;64
GoodFts(RGB);0.590876;6628;1120;304;32;64
GoodFts(RGB);0.590847;4312;80;288;32;64
GoodFts(RGB);0.590834;5672;1120;232;32;64
GoodFts(RGB);0.590785;2024;416;288;32;64
GoodFts(RGB);0.590765;3700;1088;167;32;64
GoodFts(RGB);0.590749;3164;184;191;32;64
GoodFts(RGB);0.590746;4920;276;268;48;96
GoodFts(RGB);0.590743;6628;928;216;32;64
GoodFts(RGB);0.590742;4024;432;240;32;64
GoodFts(RGB);0.590735;2024;144;224;32;64
GoodFts(RGB);0.590704;5748;416;240;32;64
GoodFts(RGB);0.590680;7352;744;272;32;64
GoodFts(RGB);0.590680;7036;40;295;32;64
GoodFts(RGB);0.590588;4440;528;304;32;64
GoodFts(RGB);0.590573;3164;808;279;32;64
GoodFts(RGB);0.590541;1292;8;264;32;64
GoodFts(RGB);0.590528;6628;424;240;32;64
GoodFts(RGB);0.590499;5672;1104;208;32;64
GoodFts(RGB);0.590487;3852;280;144;32;64
GoodFts(RGB);0.590462;2952;16;279;32;64
GoodFts(RGB);0.590436;7152;72;136;32;64
GoodFts(RGB);0.590435;5724;896;119;32;64
GoodFts(RGB);0.590429;5672;1112;280;32;64
GoodFts(RGB);0.590420;1016;216;256;48;96
GoodFts(RGB);0.590352;424;704;256;32;64
GoodFts(RGB);0.590343;3600;928;288;32;64
GoodFts(RGB);0.590343;4960;792;303;32;64
GoodFts(RGB);0.590335;488;444;268;48;96
GoodFts(RGB);0.590304;2408;912;135;32;64
GoodFts(RGB);0.590284;6400;876;220;48;96
GoodFts(RGB);0.590239;3852;960;120;32;64
GoodFts(RGB);0.590238;1804;216;119;32;64
GoodFts(RGB);0.590207;920;1000;128;32;64
GoodFts(RGB);0.590183;588;840;112;48;96
GoodFts(RGB);0.590181;488;504;296;32;64
GoodFts(RGB);0.590176;488;1176;160;32;64
GoodFts(RGB);0.590151;5892;952;200;32;64
GoodFts(RGB);0.590142;588;928;288;32;64
GoodFts(RGB);0.590141;1292;840;304;32;64
GoodFts(RGB);0.590119;3792;416;288;32;64
GoodFts(RGB);0.590069;856;152;120;32;64
GoodFts(RGB);0.590065;7224;120;304;32;64
GoodFts(RGB);0.590056;1628;1200;224;32;64
GoodFts(RGB);0.590019;1348;888;135;32;64
GoodFts(RGB);0.589994;292;720;304;32;64
GoodFts(RGB);0.589981;1636;920;200;32;64
GoodFts(RGB);0.589933;6652;328;295;32;64
GoodFts(RGB);0.589913;5480;96;271;32;64
GoodFts(RGB);0.589905;1196;872;304;32;64
GoodFts(RGB);0.589849;5480;392;295;32;64
GoodFts(RGB);0.589846;1792;352;304;32;64
GoodFts(RGB);0.589832;2416;216;268;48;96
GoodFts(RGB);0.589823;76;536;264;32;64
GoodFts(RGB);0.589792;604;352;127;32;64
GoodFts(RGB);0.589779;4976;40;303;32;64
GoodFts(RGB);0.589772;4012;1056;159;32;64
GoodFts(RGB);0.589760;6400;792;268;48;96
GoodFts(RGB);0.589758;488;1056;152;32;64
GoodFts(RGB);0.589738;4024;632;264;32;64
GoodFts(RGB);0.589735;1348;240;295;32;64
GoodFts(RGB);0.589714;3164;96;295;32;64
GoodFts(RGB);0.589692;3924;352;248;32;64
GoodFts(RGB);0.589664;1444;1072;199;32;64
GoodFts(RGB);0.589656;4980;584;280;32;64
GoodFts(RGB);0.589647;5892;936;120;32;64
GoodFts(RGB);0.589621;6400;368;240;32;64
GoodFts(RGB);0.589595;6068;920;248;32;64
GoodFts(RGB);0.589557;4440;16;296;32;64
GoodFts(RGB);0.589549;6240;0;287;32;64
GoodFts(RGB);0.589548;2456;8;303;32;64
GoodFts(RGB);0.589541;4920;736;200;32;64
GoodFts(RGB);0.589539;2408;264;119;32;64
GoodFts(RGB);0.589507;1804;184;303;32;64
GoodFts(RGB);0.589454;1444;1184;175;32;64
GoodFts(RGB);0.589356;368;1136;127;32;64
GoodFts(RGB);0.589332;1272;792;191;32;64
GoodFts(RGB);0.589299;7388;464;288;32;64
GoodFts(RGB);0.589273;288;1144;183;32;64
GoodFts(RGB);0.589258;1776;296;168;32;64
GoodFts(RGB);0.589192;4968;552;304;32;64
GoodFts(RGB);0.589158;1272;992;303;32;64
GoodFts(RGB);0.589146;4636;496;280;32;64
GoodFts(RGB);0.589135;7436;1184;143;32;64
GoodFts(RGB);0.589045;6068;992;232;32;64
GoodFts(RGB);0.589020;5124;1096;127;32;64
GoodFts(RGB);0.588959;2416;208;240;32;64
GoodFts(RGB);0.588952;1292;732;268;48;96
GoodFts(RGB);0.588926;2456;1160;119;32;64
GoodFts(RGB);0.588895;6164;1176;151;32;64
GoodFts(RGB);0.588854;1300;1068;110;48;96
GoodFts(RGB);0.588763;5124;240;255;32;64
GoodFts(RGB);0.588757;5072;568;304;32;64
GoodFts(RGB);0.588714;5072;216;128;32;64
GoodFts(RGB);0.588687;288;1104;111;64;128
GoodFts(RGB);0.588668;1792;968;304;32;64
GoodFts(RGB);0.588639;1196;896;128;32;64
GoodFts(RGB);0.588598;5480;424;279;32;64
GoodFts(RGB);0.588591;4636;60;124;48;96
GoodFts(RGB);0.588563;3700;96;215;32;64
GoodFts(RGB);0.588563;1720;648;288;32;64
GoodFts(RGB);0.588494;7224;856;296;32;64
GoodFts(RGB);0.588490;328;640;256;32;64
GoodFts(RGB);0.588473;5124;744;167;32;64
GoodFts(RGB);0.588462;928;64;159;32;64
GoodFts(RGB);0.588457;4976;904;135;32;64
GoodFts(RGB);0.588441;4312;1192;232;32;64
GoodFts(RGB);0.588377;2860;304;119;32;64
GoodFts(RGB);0.588313;544;56;288;32;64
GoodFts(RGB);0.588274;5480;808;287;32;64
GoodFts(RGB);0.588248;6164;144;287;32;64
GoodFts(RGB);0.588144;5708;60;268;48;96
GoodFts(RGB);0.588115;6068;300;268;48;96
GoodFts(RGB);0.588086;1016;840;160;32;64
GoodFts(RGB);0.587933;7436;352;295;32;64
GoodFts(RGB);0.587926;5276;464;240;32;64
GoodFts(RGB);0.587849;6864;112;280;32;64
GoodFts(RGB);0.587826;6316;1176;304;32;64
GoodFts(RGB);0.587662;2144;152;135;32;64
GoodFts(RGB);0.587640;2680;832;279;32;64
GoodFts(RGB);0.587634;1636;776;208;32;64
GoodFts(RGB);0.587633;6068;416;304;32;64
GoodFts(RGB);0.587619;1292;128;304;32;64
GoodFts(RGB);0.587610;7420;1112;288;32;64
GoodFts(RGB);0.587608;2860;232;255;32;64
GoodFts(RGB);0.587601;1636;1208;296;32;64
GoodFts(RGB);0.587588;5280;640;280;32;64
GoodFts(RGB);0.587563;328;536;304;32;64
GoodFts(RGB);0.587502;1696;584;248;32;64
GoodFts(RGB);0.587488;4976;1096;191;32;64
GoodFts(RGB);0.587471;4440;464;280;32;64
GoodFts(RGB);0.587439;1636;968;232;32;64
GoodFts(RGB);0.587406;1720;352;280;32;64
GoodFts(RGB);0.587399;6240;976;119;32;64
GoodFts(RGB);0.587358;2408;192;127;32;64
GoodFts(RGB);0.587310;6864;88;256;32;64
GoodFts(RGB);0.587294;1180;528;240;32;64
GoodFts(RGB);0.587213;7272;944;119;32;64
GoodFts(RGB);0.587175;2972;640;304;32;64
GoodFts(RGB);0.587148;2144;1016;263;32;64
GoodFts(RGB);0.587147;5072;1064;152;32;64
GoodFts(RGB);0.587066;5208;792;216;32;64
GoodFts(RGB);0.587050;4724;1008;111;32;64
GoodFts(RGB);0.587039;7388;560;304;32;64
GoodFts(RGB);0.587031;5276;1120;224;32;64
GoodFts(RGB);0.587006;1124;1080;143;32;64
GoodFts(RGB);0.587003;2972;728;288;32;64
GoodFts(RGB);0.586958;4312;1140;196;48;96
GoodFts(RGB);0.586944;604;848;295;32;64
GoodFts(RGB);0.586925;5320;568;264;32;64
GoodFts(RGB);0.586825;1080;780;212;80;160
GoodFts(RGB);0.586725;1628;456;304;32;64
GoodFts(RGB);0.586608;628;80;296;32;64
GoodFts(RGB);0.586542;6164;1080;151;32;64
GoodFts(RGB);0.586488;4012;112;295;32;64
GoodFts(RGB);0.586455;6900;520;280;32;64
GoodFts(RGB);0.586434;6068;1152;192;32;64
GoodFts(RGB);0.586394;3600;1144;248;32;64
GoodFts(RGB);0.586377;4440;376;240;32;64
GoodFts(RGB);0.586334;4740;768;288;32;64
GoodFts(RGB);0.586301;1180;1024;256;32;64
GoodFts(RGB);0.586278;6652;1144;175;32;64
GoodFts(RGB);0.586240;2952;1088;135;32;64
GoodFts(RGB);0.586218;4440;304;304;32;64
GoodFts(RGB);0.586182;2436;852;268;48;96
GoodFts(RGB);0.586139;7420;1104;184;32;64
GoodFts(RGB);0.586086;1080;624;232;32;64
GoodFts(RGB);0.586081;7420;576;256;32;64
GoodFts(RGB);0.586041;328;1160;112;80;160
GoodFts(RGB);0.586015;3024;200;247;32;64
GoodFts(RGB);0.585971;1636;1088;304;32;64
GoodFts(RGB);0.585933;3600;696;288;32;64
GoodFts(RGB);0.585899;7420;600;288;32;64
GoodFts(RGB);0.585883;6316;824;256;32;64
GoodFts(RGB);0.585774;2680;1008;111;32;64
GoodFts(RGB);0.585759;2952;1176;151;32;64
GoodFts(RGB);0.585691;628;792;208;32;64
GoodFts(RGB);0.585626;1776;320;304;32;64
GoodFts(RGB);0.585201;1776;600;280;32;64
GoodFts(RGB);0.585191;588;528;280;32;64
GoodFts(RGB);0.585093;288;288;127;32;64
GoodFts(RGB);0.585033;1080;408;256;48;96
GoodFts(RGB);0.585028;628;888;112;48;96
GoodFts(RGB);0.584875;1196;576;296;32;64
GoodFts(RGB);0.584778;1040;872;208;32;64
GoodFts(RGB);0.584617;6760;464;296;32;64
GoodFts(RGB);0.584424;1292;584;184;32;64
GoodFts(RGB);0.584186;6652;256;119;32;64
GoodFts(RGB);0.584155;1628;712;304;32;64
GoodFts(RGB);0.584137;588;480;304;32;64
GoodFts(RGB);0.584079;6316;616;296;32;64
GoodFts(RGB);0.584044;2024;40;120;32;64
GoodFts(RGB);0.584022;6652;1152;159;32;64
GoodFts(RGB);0.583931;3024;192;287;32;64
GoodFts(RGB);0.583840;2624;144;120;32;64
GoodFts(RGB);0.583689;5208;128;136;32;64
GoodFts(RGB);0.583666;6760;568;240;32;64
GoodFts(RGB);0.583658;6652;144;175;32;64
GoodFts(RGB);0.583544;4020;280;304;32;64
GoodFts(RGB);0.583457;1348;208;303;32;64
GoodFts(RGB);0.583334;1040;112;176;32;64
GoodFts(RGB);0.582823;1124;1056;167;32;64
GoodFts(RGB);0.582724;1348;264;279;32;64
GoodFts(RGB);0.582379;5708;776;272;32;64
GoodFts(RGB);0.581854;1196;24;160;32;64
GoodFts(RGB);0.581778;6760;1008;296;32;64
GoodFts(RGB);0.581220;6760;592;264;32;64
GoodFts(RGB);0.581210;4740;328;304;32;64
GoodFts(RGB);0.581100;1776;416;136;32;64
GoodFts(RGB);0.581086;4920;472;304;32;64
GoodFts(RGB);0.581065;5072;168;168;32;64
GoodFts(RGB);0.580792;3108;1176;296;32;64
GoodFts(RGB);0.580287;7388;1120;232;32;64
GoodFts(RGB);0.579679;6240;152;295;32;64
GoodFts(RGB);0.579417;1348;96;287;32;64
GoodFts(RGB);0.579255;2624;0;136;32;64
GoodFts(RGB);0.579075;4020;816;268;48;96
GoodFts(RGB);0.578631;2436;1176;304;32;64
GoodFts(RGB);0.578528;4020;528;304;32;64
GoodFts(RGB);0.578112;3108;840;304;32;64
GoodFts(RGB);0.577545;1792;288;296;32;64
GoodFts(RGB);0.577530;6864;40;288;32;64
GoodFts(RGB);0.577126;5708;56;272;32;64
GoodFts(RGB);0.576727;7388;72;272;32;64
GoodFts(RGB);0.576727;6760;944;304;32;64
GoodFts(RGB);0.575190;2624;816;160;32;64
GoodFts(RGB);0.575055;2436;1144;176;32;64
GoodFts(RGB);0.575029;4312;648;304;32;64
GoodFts(RGB);0.575026;5708;48;240;32;64
GoodFts(RGB);0.574436;5708;96;268;48;96
GoodFts(RGB);0.573528;1792;480;304;32;64
GoodFts(RGB);0.572900;4312;976;288;32;64
GoodFts(RGB);0.570113;1792;1168;240;64;128
GoodFts(RGB);0.569370;3108;1144;304;32;64
GoodFts(RGB);0.569065;2624;72;184;48;96
GoodFts(RGB);0.568295;3108;600;212;80;160
GoodFts(RGB);0.563513;2624;968;208;32;64
GoodFts(RGB);0.561574;3108;1188;268;48;96
GoodFts(RGB);0.555451;3108;872;304;32;64
